,DIAM_CIRCLE_IMAGEunique_values,counts
0,1.01,6298
1,1.02,6077
2,1.03,6035
3,1.04,5941
4,1.05,5771
5,1.06,5556
6,1.07,5454
7,1.08,5418
8,1.09,5197
9,1.1,5088
10,1.11,4884
11,1.12,4846
12,1.13,4687
13,1.15,4559
14,1.14,4457
15,1.16,4396
16,1.18,4265
17,1.17,4250
18,1.19,3996
19,1.2,3981
20,1.21,3899
21,1.22,3754
22,1.24,3697
23,1.23,3650
24,1.26,3524
25,1.25,3486
26,1.27,3428
27,1.28,3240
28,1.3,3145
29,1.0,3129
30,1.29,3069
31,1.32,3029
32,1.31,2984
33,1.34,2915
34,1.33,2888
35,1.36,2737
36,1.35,2707
37,1.37,2645
38,1.38,2555
39,1.39,2467
40,1.4,2428
41,1.42,2388
42,1.41,2363
43,1.43,2360
44,1.44,2210
45,1.45,2185
46,1.47,2121
47,1.48,2101
48,1.46,2092
49,1.49,1998
50,1.5,1950
51,1.51,1923
52,1.53,1850
53,1.52,1844
54,1.55,1808
55,1.58,1780
56,1.56,1775
57,1.54,1773
58,1.57,1693
59,1.59,1671
60,1.6,1623
61,1.62,1614
62,1.61,1591
63,1.63,1524
64,1.64,1517
65,1.65,1452
66,1.67,1451
67,1.66,1444
68,1.7,1411
69,1.71,1363
70,1.68,1361
71,1.69,1357
72,1.74,1308
73,1.75,1305
74,1.73,1287
75,1.77,1274
76,1.72,1237
77,1.76,1231
78,1.78,1217
79,1.82,1169
80,1.81,1160
81,1.79,1159
82,1.83,1158
83,1.84,1132
84,1.8,1118
85,1.88,1089
86,1.9,1069
87,1.85,1050
88,1.87,1049
89,1.86,1033
90,1.89,1023
91,1.94,1008
92,1.93,987
93,1.92,972
94,1.98,957
95,1.95,942
96,1.91,940
97,1.96,926
98,1.97,918
99,2.0,915
100,2.02,877
101,1.99,876
102,2.04,822
103,2.07,812
104,2.01,812
105,2.06,810
106,2.03,809
107,2.1,802
108,2.09,800
109,2.05,793
110,2.12,762
111,2.13,759
112,2.08,752
113,2.17,728
114,2.14,726
115,2.16,724
116,2.11,721
117,2.18,714
118,2.22,703
119,2.15,694
120,2.19,693
121,2.2,682
122,2.28,672
123,2.21,668
124,2.24,664
125,2.23,661
126,2.25,653
127,2.3,643
128,2.27,635
129,2.26,626
130,2.32,596
131,2.33,585
132,2.37,581
133,2.31,580
134,2.34,577
135,2.35,574
136,2.29,566
137,2.39,552
138,2.36,548
139,2.4,542
140,2.38,536
141,2.44,532
142,2.41,525
143,2.46,516
144,2.45,506
145,2.43,490
146,2.49,488
147,2.5,480
148,2.51,477
149,2.42,475
150,2.53,473
151,2.48,462
152,2.52,452
153,2.56,450
154,2.47,444
155,2.58,443
156,2.54,441
157,2.69,439
158,2.64,437
159,2.63,431
160,2.55,427
161,2.62,427
162,2.57,425
163,2.59,424
164,2.67,421
165,2.65,420
166,2.6,416
167,2.61,415
168,2.66,410
169,2.68,390
170,2.71,383
171,2.7,382
172,2.76,381
173,2.77,378
174,2.8,376
175,2.79,374
176,2.74,371
177,2.75,366
178,2.73,365
179,2.78,364
180,2.72,363
181,2.83,361
182,2.81,357
183,2.86,353
184,2.82,342
185,2.84,333
186,2.88,332
187,2.94,327
188,2.93,326
189,2.9,324
190,2.92,323
191,2.91,322
192,2.85,322
193,2.98,320
194,2.95,318
195,3.02,317
196,2.97,317
197,3.03,309
198,3.06,308
199,3.05,305
200,3.01,305
201,2.99,304
202,2.87,304
203,2.89,297
204,3.09,292
205,3.1,287
206,3.16,285
207,3.04,284
208,3.21,281
209,2.96,279
210,3.0,278
211,3.08,275
212,3.14,275
213,3.12,272
214,3.15,272
215,3.11,272
216,3.13,265
217,3.2,261
218,3.3,260
219,3.24,257
220,3.25,252
221,3.28,247
222,3.17,245
223,3.29,245
224,3.27,244
225,3.07,242
226,3.18,242
227,3.26,240
228,3.19,238
229,3.22,235
230,3.36,233
231,3.38,230
232,3.35,230
233,3.31,230
234,3.43,224
235,3.33,224
236,3.48,223
237,3.45,220
238,3.34,219
239,3.32,219
240,3.39,217
241,3.54,216
242,3.42,214
243,3.4,213
244,3.23,212
245,3.41,212
246,3.37,210
247,3.5,208
248,3.55,204
249,3.59,203
250,3.53,203
251,3.71,197
252,3.6,196
253,3.61,195
254,3.46,195
255,3.47,194
256,3.58,192
257,3.51,192
258,3.52,192
259,3.86,190
260,3.63,186
261,3.64,185
262,3.76,184
263,3.87,182
264,3.66,182
265,3.69,182
266,3.56,182
267,3.84,181
268,3.44,179
269,3.62,176
270,3.65,175
271,3.57,175
272,3.8,174
273,3.72,170
274,3.49,170
275,3.74,170
276,3.73,169
277,3.75,169
278,3.83,167
279,3.77,166
280,3.79,165
281,3.99,164
282,3.89,163
283,3.67,163
284,3.81,163
285,3.88,162
286,3.78,160
287,3.7,158
288,3.94,155
289,3.68,153
290,3.91,152
291,3.98,151
292,3.96,151
293,3.95,151
294,4.01,150
295,4.03,148
296,3.82,147
297,4.14,144
298,3.92,143
299,4.25,143
300,3.85,142
301,3.93,142
302,4.17,142
303,4.18,142
304,4.0,142
305,4.33,141
306,4.24,141
307,4.15,140
308,4.07,140
309,4.52,139
310,4.3,137
311,4.1,136
312,4.44,136
313,4.28,135
314,3.9,134
315,4.21,133
316,4.11,132
317,4.68,132
318,4.02,131
319,4.12,131
320,4.13,129
321,4.26,128
322,4.23,127
323,4.08,127
324,4.27,127
325,4.35,126
326,4.06,125
327,4.46,125
328,4.49,125
329,4.22,124
330,4.09,124
331,4.58,123
332,3.97,122
333,4.05,122
334,4.83,121
335,4.66,121
336,4.32,120
337,4.19,120
338,4.75,120
339,4.2,119
340,4.41,117
341,4.4,117
342,4.16,116
343,4.77,115
344,4.34,115
345,4.42,115
346,4.51,115
347,4.67,114
348,4.38,114
349,4.98,113
350,4.61,113
351,4.6,112
352,4.39,112
353,4.56,112
354,4.53,112
355,4.29,111
356,4.82,110
357,4.5,110
358,4.57,109
359,4.47,109
360,4.48,108
361,4.55,108
362,4.94,107
363,4.79,106
364,4.43,106
365,5.0,105
366,4.7,104
367,4.04,104
368,4.31,104
369,4.62,101
370,4.84,101
371,4.65,101
372,4.45,99
373,4.64,99
374,4.59,99
375,4.99,98
376,5.07,98
377,4.36,98
378,4.92,96
379,5.12,95
380,4.54,95
381,5.13,94
382,4.8,94
383,4.87,94
384,4.76,93
385,4.89,93
386,5.35,93
387,4.86,93
388,4.74,92
389,4.71,92
390,5.06,92
391,5.14,92
392,5.18,92
393,4.97,91
394,4.72,91
395,5.05,91
396,4.93,91
397,4.91,90
398,5.1,90
399,5.08,89
400,5.42,89
401,5.38,89
402,5.34,89
403,5.37,89
404,4.85,88
405,5.25,88
406,4.95,88
407,5.87,87
408,4.81,87
409,5.29,87
410,4.37,87
411,5.8,86
412,4.78,86
413,5.44,84
414,4.96,84
415,5.2,84
416,4.88,84
417,5.03,83
418,5.04,83
419,5.74,83
420,5.02,83
421,5.57,82
422,4.73,82
423,4.69,81
424,5.32,81
425,5.92,81
426,5.48,81
427,5.21,80
428,5.15,80
429,5.22,80
430,5.89,79
431,5.52,79
432,5.17,78
433,4.63,78
434,5.56,78
435,5.59,78
436,5.51,78
437,5.11,77
438,6.16,77
439,5.26,77
440,5.16,77
441,5.61,76
442,5.55,76
443,5.5,76
444,5.31,76
445,6.68,75
446,5.46,75
447,5.09,75
448,5.58,74
449,5.24,74
450,5.97,73
451,4.9,73
452,5.01,73
453,6.06,73
454,6.02,72
455,6.07,72
456,5.4,72
457,5.33,72
458,5.78,72
459,5.39,72
460,5.23,72
461,6.36,71
462,6.14,71
463,5.67,71
464,5.65,71
465,5.83,71
466,5.19,70
467,5.86,70
468,5.47,69
469,5.43,69
470,5.27,69
471,5.28,69
472,6.18,69
473,6.56,68
474,5.71,68
475,5.88,68
476,5.41,68
477,6.05,67
478,6.76,67
479,5.36,67
480,5.95,66
481,6.28,66
482,5.76,66
483,5.98,66
484,5.63,65
485,5.85,65
486,6.91,65
487,6.31,64
488,5.45,64
489,5.53,64
490,6.32,64
491,6.26,64
492,5.49,64
493,5.68,64
494,6.43,63
495,5.54,63
496,6.0,63
497,6.75,63
498,5.96,63
499,5.99,63
500,5.66,63
501,6.13,62
502,6.08,62
503,6.49,62
504,7.45,62
505,7.26,62
506,6.42,62
507,5.6,61
508,6.35,61
509,5.72,61
510,5.82,61
511,5.79,60
512,5.64,60
513,6.4,60
514,6.41,60
515,6.17,59
516,6.03,59
517,5.77,59
518,6.21,59
519,7.11,59
520,6.58,59
521,6.09,59
522,6.33,59
523,6.34,59
524,5.91,59
525,5.9,59
526,6.44,59
527,5.93,59
528,6.54,58
529,7.17,58
530,5.3,58
531,5.84,58
532,6.53,58
533,6.55,58
534,6.67,58
535,7.01,57
536,7.48,57
537,6.04,57
538,5.69,57
539,6.59,57
540,6.12,57
541,6.63,57
542,6.1,57
543,7.44,56
544,5.94,56
545,5.62,56
546,6.86,56
547,6.01,56
548,6.88,55
549,6.78,55
550,6.99,55
551,6.29,54
552,6.7,54
553,6.48,54
554,5.73,54
555,6.47,54
556,6.77,54
557,6.61,53
558,6.84,53
559,6.27,53
560,6.3,53
561,7.6,53
562,6.64,53
563,6.23,53
564,5.75,53
565,6.73,53
566,6.11,52
567,8.06,52
568,6.71,52
569,6.22,52
570,5.7,52
571,7.57,52
572,7.0,52
573,6.96,52
574,7.78,51
575,6.9,51
576,6.62,51
577,7.03,51
578,7.18,51
579,7.3,51
580,7.05,50
581,6.45,50
582,6.57,50
583,7.33,50
584,8.08,49
585,6.46,49
586,7.08,49
587,7.63,48
588,7.67,48
589,6.92,48
590,7.04,48
591,7.59,48
592,6.87,48
593,7.51,48
594,6.37,48
595,7.47,47
596,6.39,47
597,7.14,47
598,6.66,47
599,8.45,47
600,7.7,47
601,6.6,47
602,6.15,47
603,6.2,47
604,6.98,47
605,7.27,47
606,7.42,47
607,7.06,47
608,7.64,47
609,7.87,47
610,7.36,46
611,5.81,46
612,7.66,46
613,6.51,46
614,8.0,46
615,6.81,46
616,7.65,46
617,6.94,46
618,7.79,46
619,6.85,46
620,7.84,46
621,7.31,46
622,7.77,46
623,9.02,46
624,7.02,46
625,6.83,45
626,6.5,45
627,6.38,45
628,6.8,45
629,8.64,45
630,6.79,45
631,8.61,44
632,6.19,44
633,7.68,44
634,7.22,44
635,8.33,44
636,9.03,44
637,8.88,43
638,7.52,43
639,7.12,43
640,8.04,43
641,6.95,43
642,6.97,43
643,6.24,43
644,6.25,43
645,6.93,42
646,7.85,42
647,8.02,42
648,6.69,42
649,9.16,42
650,8.2,42
651,9.07,42
652,6.52,42
653,7.97,42
654,7.8,42
655,7.43,42
656,7.32,42
657,7.23,42
658,7.13,41
659,7.25,41
660,8.05,41
661,7.1,41
662,8.81,41
663,7.53,41
664,7.69,41
665,7.54,41
666,7.61,41
667,8.35,41
668,8.6,41
669,6.72,41
670,6.74,41
671,8.91,41
672,7.86,41
673,6.65,40
674,7.39,40
675,7.5,40
676,6.89,40
677,7.41,40
678,7.71,40
679,7.81,40
680,8.03,40
681,7.16,40
682,7.21,40
683,7.95,40
684,8.44,39
685,8.48,39
686,8.25,39
687,7.38,39
688,8.51,39
689,8.15,39
690,8.38,39
691,6.82,39
692,12.97,39
693,9.27,39
694,8.96,39
695,7.19,39
696,7.24,39
697,7.35,39
698,8.3,38
699,8.01,38
700,9.23,38
701,8.1,38
702,8.18,38
703,8.21,38
704,8.86,38
705,7.73,38
706,9.69,38
707,8.29,38
708,8.28,38
709,8.32,38
710,7.89,38
711,7.07,38
712,8.39,37
713,7.37,37
714,7.2,37
715,9.08,37
716,7.4,37
717,7.94,37
718,9.66,37
719,7.76,37
720,7.49,37
721,7.28,37
722,7.09,37
723,8.63,36
724,9.01,36
725,9.79,36
726,8.11,36
727,7.72,36
728,9.41,36
729,7.29,36
730,7.93,36
731,8.53,36
732,8.4,36
733,7.96,36
734,7.34,36
735,8.66,35
736,8.31,35
737,8.24,35
738,7.82,35
739,9.05,35
740,7.62,35
741,8.89,35
742,7.58,35
743,8.46,35
744,8.62,35
745,7.75,35
746,8.43,34
747,8.59,34
748,9.68,34
749,8.74,34
750,8.16,34
751,8.57,34
752,7.98,34
753,10.41,34
754,7.56,34
755,8.55,34
756,8.84,34
757,7.15,34
758,8.07,34
759,8.09,34
760,7.55,34
761,9.1,33
762,8.68,33
763,8.41,33
764,7.99,33
765,10.16,33
766,7.9,33
767,8.67,33
768,8.54,32
769,7.92,32
770,8.14,32
771,9.62,32
772,10.78,32
773,9.24,32
774,8.36,32
775,9.26,32
776,8.17,32
777,9.64,32
778,9.74,32
779,9.04,32
780,8.5,32
781,8.37,32
782,9.12,31
783,8.23,31
784,9.72,31
785,9.82,31
786,7.83,31
787,10.67,31
788,9.15,31
789,8.7,31
790,9.85,31
791,10.88,31
792,8.27,31
793,8.34,31
794,7.74,31
795,10.38,31
796,9.19,31
797,9.77,31
798,9.44,31
799,8.78,30
800,9.65,30
801,9.22,30
802,8.77,30
803,9.21,30
804,9.58,30
805,8.49,30
806,8.99,30
807,10.86,30
808,9.75,30
809,8.69,30
810,10.83,30
811,9.67,30
812,10.07,30
813,9.96,30
814,9.18,29
815,9.3,29
816,8.73,29
817,11.33,29
818,9.63,29
819,9.8,29
820,10.01,29
821,10.17,29
822,8.92,29
823,8.97,29
824,7.88,29
825,8.52,29
826,8.79,29
827,10.09,29
828,9.73,29
829,8.42,29
830,10.87,29
831,9.06,28
832,8.71,28
833,8.13,28
834,8.26,28
835,9.37,28
836,9.4,28
837,11.19,28
838,10.02,28
839,9.17,28
840,10.42,28
841,10.59,28
842,9.13,28
843,11.81,28
844,8.98,28
845,10.84,28
846,8.95,28
847,9.29,28
848,9.9,28
849,10.61,28
850,10.25,28
851,8.9,28
852,8.94,28
853,10.43,28
854,8.72,28
855,7.91,28
856,9.53,27
857,8.47,27
858,8.83,27
859,9.5,27
860,9.81,27
861,8.93,27
862,9.35,27
863,12.13,27
864,9.11,27
865,9.09,27
866,9.46,27
867,8.8,27
868,10.97,27
869,9.36,27
870,8.76,27
871,11.21,27
872,10.08,27
873,11.14,27
874,8.82,27
875,8.22,27
876,9.83,27
877,11.78,26
878,8.65,26
879,10.58,26
880,10.27,26
881,10.11,26
882,10.45,26
883,8.75,26
884,8.87,26
885,10.77,26
886,9.55,26
887,10.34,26
888,9.51,26
889,9.6,26
890,10.46,26
891,10.15,26
892,8.58,26
893,9.14,25
894,10.14,25
895,11.24,25
896,9.99,25
897,11.63,25
898,10.89,25
899,10.72,25
900,10.1,25
901,12.0,25
902,10.23,25
903,10.52,25
904,11.02,25
905,11.32,25
906,10.51,25
907,9.39,25
908,10.69,25
909,10.19,25
910,8.85,25
911,12.28,25
912,9.84,25
913,9.28,25
914,9.34,25
915,9.91,25
916,9.42,25
917,9.0,25
918,10.28,25
919,10.04,25
920,10.26,24
921,9.97,24
922,10.49,24
923,10.65,24
924,9.49,24
925,12.08,24
926,10.99,24
927,8.56,24
928,12.04,24
929,9.47,24
930,11.93,24
931,10.12,24
932,11.46,24
933,11.71,23
934,14.78,23
935,10.21,23
936,11.0,23
937,13.01,23
938,14.4,23
939,9.45,23
940,8.12,23
941,10.39,23
942,10.47,23
943,9.25,23
944,11.26,23
945,10.57,23
946,11.34,23
947,11.82,23
948,9.87,23
949,11.04,23
950,10.37,23
951,10.98,22
952,13.15,22
953,12.57,22
954,12.37,22
955,10.79,22
956,12.9,22
957,8.19,22
958,9.31,22
959,10.32,22
960,11.23,22
961,12.68,22
962,13.59,22
963,11.74,22
964,9.88,22
965,10.29,22
966,10.0,22
967,12.96,22
968,12.26,22
969,10.33,22
970,9.2,22
971,11.48,22
972,10.13,22
973,10.6,22
974,11.87,22
975,11.15,22
976,11.18,22
977,11.9,22
978,9.52,21
979,10.54,21
980,11.68,21
981,13.95,21
982,13.08,21
983,12.34,21
984,11.41,21
985,11.47,21
986,15.29,21
987,10.75,21
988,12.15,21
989,11.09,21
990,10.44,21
991,13.12,21
992,11.2,21
993,11.49,21
994,9.61,21
995,12.39,21
996,10.8,21
997,10.35,21
998,10.3,21
999,10.7,21
1000,9.57,21
1001,9.7,21
1002,10.93,21
1003,12.09,21
1004,11.08,21
1005,11.79,21
1006,12.35,21
1007,10.62,21
1008,9.32,21
1009,11.94,20
1010,13.03,20
1011,9.86,20
1012,13.99,20
1013,10.55,20
1014,12.22,20
1015,12.78,20
1016,11.56,20
1017,11.3,20
1018,10.03,20
1019,7.46,20
1020,11.45,20
1021,16.31,20
1022,11.37,20
1023,13.83,20
1024,10.76,20
1025,11.05,20
1026,14.84,20
1027,12.89,20
1028,12.92,20
1029,9.95,20
1030,11.1,20
1031,11.11,20
1032,14.53,20
1033,15.63,20
1034,12.29,20
1035,9.76,20
1036,10.9,20
1037,13.73,20
1038,13.5,20
1039,11.13,20
1040,11.6,20
1041,9.78,20
1042,12.03,20
1043,10.18,20
1044,18.83,20
1045,10.36,19
1046,12.55,19
1047,13.21,19
1048,12.77,19
1049,12.21,19
1050,10.22,19
1051,11.84,19
1052,14.75,19
1053,12.94,19
1054,13.51,19
1055,10.06,19
1056,12.4,19
1057,11.96,19
1058,10.2,19
1059,9.33,19
1060,12.75,19
1061,11.22,19
1062,12.02,19
1063,12.46,19
1064,13.05,19
1065,9.56,19
1066,13.07,19
1067,11.52,19
1068,11.01,19
1069,10.56,19
1070,14.2,19
1071,11.69,19
1072,15.41,19
1073,13.23,19
1074,14.06,19
1075,13.22,19
1076,10.73,19
1077,13.38,19
1078,11.92,19
1079,11.7,19
1080,9.43,19
1081,9.71,19
1082,14.89,19
1083,10.71,19
1084,10.63,19
1085,11.27,19
1086,12.36,19
1087,11.77,19
1088,11.64,19
1089,10.68,19
1090,12.49,19
1091,12.52,19
1092,11.73,19
1093,12.41,19
1094,11.07,19
1095,9.92,19
1096,12.38,18
1097,11.58,18
1098,10.5,18
1099,13.91,18
1100,13.25,18
1101,16.92,18
1102,9.94,18
1103,11.51,18
1104,11.06,18
1105,11.8,18
1106,10.05,18
1107,10.64,18
1108,12.11,18
1109,16.14,18
1110,9.59,18
1111,12.25,18
1112,14.22,18
1113,10.92,18
1114,14.28,18
1115,13.66,18
1116,15.26,18
1117,11.53,18
1118,14.41,18
1119,14.68,18
1120,9.54,18
1121,11.28,18
1122,10.94,18
1123,12.7,18
1124,13.13,18
1125,11.65,18
1126,9.48,18
1127,11.75,18
1128,11.67,18
1129,13.33,18
1130,12.27,18
1131,9.93,18
1132,12.2,18
1133,13.11,18
1134,15.22,18
1135,10.81,18
1136,14.31,18
1137,12.84,18
1138,12.8,18
1139,11.97,18
1140,14.59,18
1141,13.76,18
1142,13.4,18
1143,11.16,18
1144,14.04,18
1145,17.5,17
1146,14.0,17
1147,12.69,17
1148,11.31,17
1149,12.45,17
1150,16.07,17
1151,12.81,17
1152,13.79,17
1153,14.3,17
1154,13.69,17
1155,10.85,17
1156,10.82,17
1157,15.33,17
1158,14.85,17
1159,12.51,17
1160,15.06,17
1161,14.8,17
1162,12.5,17
1163,11.83,17
1164,14.08,17
1165,12.79,17
1166,19.53,17
1167,12.87,17
1168,11.86,17
1169,14.63,17
1170,9.38,17
1171,11.66,17
1172,14.88,17
1173,11.61,17
1174,11.12,17
1175,11.4,17
1176,13.18,17
1177,14.09,17
1178,13.24,17
1179,11.44,17
1180,13.36,17
1181,16.26,17
1182,15.84,17
1183,13.27,17
1184,14.91,17
1185,13.16,17
1186,13.02,17
1187,11.57,17
1188,14.25,17
1189,12.05,17
1190,12.66,17
1191,12.95,17
1192,14.54,17
1193,13.57,16
1194,15.25,16
1195,11.88,16
1196,13.09,16
1197,16.36,16
1198,12.6,16
1199,10.24,16
1200,13.78,16
1201,10.74,16
1202,11.99,16
1203,9.98,16
1204,11.42,16
1205,17.61,16
1206,12.06,16
1207,12.98,16
1208,17.85,16
1209,13.58,16
1210,12.93,16
1211,12.61,16
1212,11.29,16
1213,14.99,16
1214,12.62,16
1215,12.01,16
1216,13.49,16
1217,15.13,16
1218,12.12,16
1219,16.13,16
1220,16.2,16
1221,11.98,16
1222,12.24,16
1223,13.94,16
1224,11.39,16
1225,14.19,16
1226,14.55,16
1227,12.33,16
1228,13.89,16
1229,16.45,16
1230,13.62,16
1231,10.48,16
1232,15.85,15
1233,15.97,15
1234,13.14,15
1235,10.95,15
1236,12.23,15
1237,12.85,15
1238,11.54,15
1239,17.74,15
1240,12.72,15
1241,19.85,15
1242,12.31,15
1243,15.44,15
1244,14.07,15
1245,13.53,15
1246,12.17,15
1247,12.82,15
1248,15.08,15
1249,11.55,15
1250,16.9,15
1251,10.66,15
1252,12.74,15
1253,16.28,15
1254,10.31,15
1255,11.25,15
1256,11.36,15
1257,14.43,15
1258,17.96,15
1259,13.71,15
1260,18.15,15
1261,13.85,15
1262,14.72,15
1263,11.72,15
1264,15.92,15
1265,16.03,15
1266,13.63,15
1267,11.5,15
1268,22.26,15
1269,16.56,15
1270,9.89,15
1271,20.14,15
1272,12.91,15
1273,11.35,15
1274,13.77,14
1275,13.34,14
1276,16.58,14
1277,13.52,14
1278,13.3,14
1279,13.35,14
1280,19.97,14
1281,19.03,14
1282,14.64,14
1283,14.02,14
1284,12.56,14
1285,15.36,14
1286,16.77,14
1287,13.19,14
1288,12.54,14
1289,14.17,14
1290,13.97,14
1291,16.18,14
1292,15.16,14
1293,15.09,14
1294,15.27,14
1295,17.83,14
1296,15.38,14
1297,17.49,14
1298,12.59,14
1299,14.96,14
1300,15.75,14
1301,15.19,14
1302,12.07,14
1303,16.46,14
1304,21.09,14
1305,11.95,14
1306,15.07,14
1307,15.91,14
1308,11.38,14
1309,14.13,14
1310,13.54,14
1311,15.01,14
1312,16.39,14
1313,14.49,14
1314,16.1,14
1315,14.18,14
1316,18.72,14
1317,15.37,14
1318,13.67,14
1319,20.53,14
1320,13.17,14
1321,10.96,14
1322,13.1,14
1323,14.87,14
1324,15.55,14
1325,11.62,14
1326,14.65,14
1327,14.46,14
1328,16.3,14
1329,17.56,14
1330,16.6,14
1331,12.43,14
1332,15.86,14
1333,16.8,14
1334,13.41,14
1335,14.03,14
1336,15.18,14
1337,16.12,14
1338,12.73,14
1339,16.08,14
1340,14.86,14
1341,13.56,14
1342,13.6,14
1343,17.19,14
1344,15.17,14
1345,18.22,14
1346,12.44,14
1347,14.83,14
1348,18.69,14
1349,14.39,14
1350,16.64,14
1351,15.72,14
1352,12.58,14
1353,16.41,14
1354,13.29,14
1355,13.46,14
1356,19.79,14
1357,16.62,14
1358,12.67,13
1359,19.65,13
1360,15.88,13
1361,14.35,13
1362,13.37,13
1363,16.68,13
1364,18.97,13
1365,14.05,13
1366,16.37,13
1367,21.37,13
1368,13.8,13
1369,13.82,13
1370,16.48,13
1371,11.85,13
1372,16.78,13
1373,12.63,13
1374,14.74,13
1375,13.47,13
1376,13.48,13
1377,18.43,13
1378,11.43,13
1379,16.72,13
1380,13.98,13
1381,17.68,13
1382,10.53,13
1383,16.25,13
1384,17.14,13
1385,14.67,13
1386,16.54,13
1387,13.72,13
1388,12.86,13
1389,12.16,13
1390,12.88,13
1391,10.91,13
1392,11.59,13
1393,14.62,13
1394,15.53,13
1395,24.25,13
1396,19.26,13
1397,12.83,13
1398,14.36,13
1399,15.02,13
1400,13.9,13
1401,14.79,13
1402,14.56,13
1403,17.3,13
1404,17.12,13
1405,15.89,13
1406,18.36,13
1407,13.39,13
1408,15.1,13
1409,10.4,13
1410,15.23,13
1411,13.86,13
1412,13.28,13
1413,15.54,13
1414,12.42,12
1415,12.3,12
1416,15.71,12
1417,15.77,12
1418,15.31,12
1419,15.11,12
1420,18.06,12
1421,14.71,12
1422,14.27,12
1423,15.39,12
1424,19.33,12
1425,15.5,12
1426,14.5,12
1427,12.53,12
1428,14.9,12
1429,17.18,12
1430,17.08,12
1431,14.26,12
1432,11.89,12
1433,16.88,12
1434,15.9,12
1435,18.32,12
1436,13.88,12
1437,15.03,12
1438,18.08,12
1439,14.92,12
1440,16.24,12
1441,13.81,12
1442,15.7,12
1443,14.32,12
1444,14.98,12
1445,18.14,12
1446,16.21,12
1447,13.2,12
1448,14.52,12
1449,13.84,12
1450,13.31,12
1451,14.76,12
1452,20.97,12
1453,15.45,12
1454,13.26,12
1455,20.17,12
1456,21.91,12
1457,23.89,12
1458,15.78,12
1459,15.32,12
1460,17.39,12
1461,18.31,12
1462,16.83,12
1463,18.0,12
1464,24.45,12
1465,16.01,12
1466,15.81,12
1467,14.15,12
1468,16.4,12
1469,16.06,12
1470,11.17,12
1471,13.04,12
1472,11.03,12
1473,17.76,12
1474,15.14,12
1475,16.66,12
1476,13.06,12
1477,18.1,12
1478,15.67,12
1479,20.67,12
1480,17.27,12
1481,17.03,12
1482,18.45,12
1483,16.17,11
1484,18.85,11
1485,26.49,11
1486,17.7,11
1487,17.34,11
1488,13.61,11
1489,19.62,11
1490,15.46,11
1491,20.86,11
1492,18.8,11
1493,14.77,11
1494,15.6,11
1495,13.55,11
1496,19.32,11
1497,17.09,11
1498,22.03,11
1499,19.71,11
1500,17.71,11
1501,20.23,11
1502,12.99,11
1503,13.65,11
1504,18.46,11
1505,20.03,11
1506,19.98,11
1507,21.66,11
1508,14.51,11
1509,16.44,11
1510,16.16,11
1511,15.95,11
1512,21.58,11
1513,15.57,11
1514,13.43,11
1515,14.45,11
1516,16.27,11
1517,17.28,11
1518,17.92,11
1519,18.59,11
1520,23.96,11
1521,12.65,11
1522,14.21,11
1523,15.68,11
1524,18.79,11
1525,15.28,11
1526,14.6,11
1527,14.48,11
1528,16.09,11
1529,11.76,11
1530,17.57,11
1531,21.73,11
1532,14.38,11
1533,21.07,11
1534,20.32,11
1535,11.91,11
1536,14.69,11
1537,15.0,11
1538,12.76,11
1539,20.19,11
1540,15.2,11
1541,18.24,11
1542,12.71,11
1543,22.56,11
1544,20.66,11
1545,19.72,11
1546,18.01,11
1547,14.01,11
1548,15.76,11
1549,18.16,11
1550,12.47,11
1551,18.5,11
1552,22.65,11
1553,15.48,11
1554,16.34,11
1555,12.19,11
1556,21.77,11
1557,23.5,11
1558,20.91,11
1559,21.7,11
1560,18.71,11
1561,15.05,11
1562,16.94,10
1563,17.13,10
1564,18.26,10
1565,19.94,10
1566,14.37,10
1567,13.75,10
1568,18.21,10
1569,16.79,10
1570,14.14,10
1571,21.28,10
1572,18.19,10
1573,16.04,10
1574,15.74,10
1575,22.76,10
1576,12.48,10
1577,16.05,10
1578,21.8,10
1579,15.69,10
1580,18.6,10
1581,18.4,10
1582,15.12,10
1583,17.15,10
1584,17.33,10
1585,14.81,10
1586,17.75,10
1587,18.11,10
1588,16.85,10
1589,23.65,10
1590,17.45,10
1591,20.35,10
1592,16.81,10
1593,24.96,10
1594,18.93,10
1595,18.2,10
1596,12.1,10
1597,17.58,10
1598,19.75,10
1599,16.55,10
1600,19.64,10
1601,18.03,10
1602,18.12,10
1603,17.98,10
1604,22.18,10
1605,17.25,10
1606,14.57,10
1607,15.64,10
1608,16.52,10
1609,19.52,10
1610,18.09,10
1611,16.95,10
1612,15.15,10
1613,14.58,10
1614,17.44,10
1615,18.81,10
1616,17.63,10
1617,16.49,10
1618,16.43,10
1619,18.05,10
1620,22.16,10
1621,19.43,10
1622,18.63,10
1623,17.95,10
1624,24.58,10
1625,25.07,10
1626,19.87,10
1627,21.96,10
1628,19.19,10
1629,16.33,10
1630,18.9,10
1631,13.45,10
1632,15.21,10
1633,18.94,10
1634,16.76,10
1635,23.49,10
1636,26.6,10
1637,17.97,10
1638,16.61,10
1639,24.18,10
1640,15.35,10
1641,14.66,10
1642,24.76,10
1643,18.95,10
1644,16.51,10
1645,14.16,10
1646,19.45,10
1647,13.32,10
1648,19.89,10
1649,15.83,10
1650,19.28,10
1651,25.5,10
1652,20.73,10
1653,21.33,10
1654,23.85,10
1655,23.45,10
1656,17.43,10
1657,17.86,10
1658,19.34,10
1659,18.78,10
1660,16.73,10
1661,28.83,9
1662,17.62,9
1663,19.04,9
1664,17.69,9
1665,24.35,9
1666,20.99,9
1667,17.54,9
1668,18.48,9
1669,16.19,9
1670,26.17,9
1671,13.64,9
1672,20.51,9
1673,18.13,9
1674,20.77,9
1675,20.71,9
1676,21.75,9
1677,22.15,9
1678,19.88,9
1679,19.47,9
1680,15.93,9
1681,21.86,9
1682,24.46,9
1683,24.2,9
1684,18.88,9
1685,22.24,9
1686,23.19,9
1687,21.25,9
1688,19.07,9
1689,12.14,9
1690,18.29,9
1691,19.15,9
1692,15.94,9
1693,17.21,9
1694,17.9,9
1695,26.72,9
1696,24.24,9
1697,15.49,9
1698,22.45,9
1699,25.16,9
1700,24.88,9
1701,14.61,9
1702,18.07,9
1703,21.63,9
1704,20.76,9
1705,17.02,9
1706,19.23,9
1707,21.84,9
1708,14.42,9
1709,20.82,9
1710,25.46,9
1711,17.04,9
1712,16.5,9
1713,18.89,9
1714,20.06,9
1715,18.25,9
1716,24.05,9
1717,16.67,9
1718,22.82,9
1719,15.98,9
1720,13.87,9
1721,21.21,9
1722,23.82,9
1723,15.43,9
1724,15.3,9
1725,14.1,9
1726,17.35,9
1727,22.09,9
1728,19.66,9
1729,17.0,9
1730,21.93,9
1731,18.18,9
1732,16.74,9
1733,14.94,9
1734,15.24,9
1735,14.11,9
1736,17.79,9
1737,24.4,9
1738,19.69,9
1739,20.52,9
1740,21.51,9
1741,22.32,9
1742,22.7,9
1743,19.55,9
1744,21.03,9
1745,27.41,9
1746,18.92,9
1747,20.6,9
1748,19.42,9
1749,12.18,9
1750,23.13,9
1751,13.42,9
1752,24.37,9
1753,14.95,9
1754,16.96,9
1755,17.11,9
1756,17.84,9
1757,21.3,9
1758,13.74,9
1759,16.93,9
1760,17.17,9
1761,18.67,9
1762,22.62,9
1763,12.64,9
1764,18.39,9
1765,24.75,9
1766,25.12,9
1767,15.4,9
1768,16.57,9
1769,20.68,9
1770,19.0,9
1771,15.47,9
1772,23.87,9
1773,17.22,9
1774,14.73,9
1775,17.99,9
1776,25.4,9
1777,19.14,8
1778,15.66,8
1779,15.42,8
1780,25.92,8
1781,27.0,8
1782,14.47,8
1783,17.81,8
1784,26.28,8
1785,18.34,8
1786,22.3,8
1787,16.22,8
1788,19.18,8
1789,21.29,8
1790,19.1,8
1791,17.48,8
1792,22.68,8
1793,19.25,8
1794,20.83,8
1795,20.22,8
1796,15.62,8
1797,15.52,8
1798,21.1,8
1799,27.94,8
1800,31.97,8
1801,15.65,8
1802,18.82,8
1803,15.58,8
1804,18.75,8
1805,17.46,8
1806,19.41,8
1807,18.73,8
1808,19.92,8
1809,19.29,8
1810,18.57,8
1811,13.93,8
1812,21.53,8
1813,20.45,8
1814,17.26,8
1815,19.99,8
1816,24.83,8
1817,18.37,8
1818,17.53,8
1819,21.24,8
1820,27.24,8
1821,15.34,8
1822,17.55,8
1823,22.06,8
1824,17.2,8
1825,20.47,8
1826,17.6,8
1827,13.96,8
1828,20.61,8
1829,21.26,8
1830,24.41,8
1831,32.92,8
1832,19.24,8
1833,17.59,8
1834,21.81,8
1835,14.29,8
1836,30.7,8
1837,16.53,8
1838,16.47,8
1839,21.27,8
1840,25.91,8
1841,20.7,8
1842,26.27,8
1843,20.11,8
1844,18.52,8
1845,18.68,8
1846,17.67,8
1847,23.68,8
1848,16.0,8
1849,30.64,8
1850,20.04,8
1851,18.02,8
1852,19.02,8
1853,12.32,8
1854,21.5,8
1855,20.02,8
1856,21.78,8
1857,32.75,8
1858,18.62,8
1859,20.46,8
1860,14.7,8
1861,25.25,8
1862,26.76,8
1863,19.12,8
1864,15.96,8
1865,17.23,8
1866,17.87,8
1867,19.6,8
1868,19.11,8
1869,22.9,8
1870,30.89,8
1871,21.05,8
1872,15.87,8
1873,14.23,8
1874,23.29,8
1875,21.68,8
1876,20.21,8
1877,20.18,8
1878,16.59,8
1879,20.27,8
1880,20.15,8
1881,14.97,8
1882,18.41,8
1883,25.73,8
1884,20.33,8
1885,22.58,8
1886,18.17,8
1887,27.02,8
1888,19.58,8
1889,16.82,8
1890,15.99,8
1891,26.37,8
1892,24.82,8
1893,22.35,8
1894,17.24,8
1895,19.54,8
1896,26.29,8
1897,14.12,8
1898,16.87,8
1899,16.38,8
1900,13.0,8
1901,15.79,8
1902,19.96,8
1903,21.71,8
1904,19.16,8
1905,17.78,8
1906,24.7,8
1907,20.63,8
1908,25.53,8
1909,20.43,8
1910,13.68,8
1911,18.47,7
1912,21.52,7
1913,19.91,7
1914,17.29,7
1915,23.72,7
1916,20.31,7
1917,24.48,7
1918,17.01,7
1919,18.38,7
1920,17.64,7
1921,21.85,7
1922,21.13,7
1923,39.51,7
1924,22.59,7
1925,19.73,7
1926,21.9,7
1927,23.92,7
1928,15.56,7
1929,18.77,7
1930,17.07,7
1931,21.31,7
1932,37.08,7
1933,20.29,7
1934,16.89,7
1935,31.45,7
1936,18.42,7
1937,13.7,7
1938,25.36,7
1939,17.8,7
1940,21.82,7
1941,26.54,7
1942,25.83,7
1943,18.55,7
1944,18.76,7
1945,19.63,7
1946,23.1,7
1947,23.39,7
1948,27.96,7
1949,30.4,7
1950,17.06,7
1951,28.36,7
1952,42.12,7
1953,24.63,7
1954,26.12,7
1955,28.27,7
1956,17.66,7
1957,23.56,7
1958,20.92,7
1959,20.81,7
1960,19.05,7
1961,29.28,7
1962,31.56,7
1963,29.15,7
1964,24.14,7
1965,24.8,7
1966,24.04,7
1967,21.55,7
1968,33.6,7
1969,24.09,7
1970,22.5,7
1971,22.28,7
1972,14.34,7
1973,27.13,7
1974,18.87,7
1975,19.35,7
1976,29.49,7
1977,14.82,7
1978,17.05,7
1979,20.4,7
1980,27.17,7
1981,22.93,7
1982,26.0,7
1983,22.96,7
1984,16.99,7
1985,22.6,7
1986,17.41,7
1987,15.73,7
1988,22.77,7
1989,24.93,7
1990,19.17,7
1991,17.93,7
1992,26.96,7
1993,30.3,7
1994,18.49,7
1995,17.89,7
1996,28.3,7
1997,26.1,7
1998,26.06,7
1999,25.04,7
2000,22.69,7
2001,24.01,7
2002,23.8,7
2003,23.69,7
2004,19.74,7
2005,17.4,7
2006,23.12,7
2007,21.83,7
2008,16.98,7
2009,15.8,7
2010,23.98,7
2011,14.44,7
2012,23.08,7
2013,21.69,7
2014,26.23,7
2015,21.17,7
2016,15.04,7
2017,20.93,7
2018,19.3,7
2019,27.55,7
2020,23.44,7
2021,21.62,7
2022,27.45,7
2023,24.31,7
2024,21.15,7
2025,25.45,7
2026,22.05,7
2027,37.13,7
2028,22.14,7
2029,23.09,7
2030,16.02,7
2031,21.02,7
2032,25.28,7
2033,22.48,7
2034,19.5,7
2035,13.92,7
2036,20.07,7
2037,21.32,7
2038,20.88,7
2039,23.05,7
2040,23.34,7
2041,34.55,7
2042,36.34,7
2043,15.61,7
2044,17.82,7
2045,17.38,7
2046,22.1,7
2047,17.37,7
2048,18.54,7
2049,19.82,7
2050,17.16,7
2051,18.61,7
2052,25.8,7
2053,24.74,7
2054,27.74,7
2055,20.56,7
2056,16.35,7
2057,21.16,7
2058,22.88,7
2059,24.92,7
2060,22.38,7
2061,22.4,7
2062,25.95,7
2063,23.57,7
2064,25.27,7
2065,24.23,7
2066,19.9,7
2067,16.97,7
2068,20.05,7
2069,25.66,7
2070,30.59,7
2071,22.99,6
2072,23.24,6
2073,27.3,6
2074,26.78,6
2075,32.48,6
2076,29.77,6
2077,24.28,6
2078,26.97,6
2079,38.81,6
2080,28.6,6
2081,26.04,6
2082,27.98,6
2083,16.63,6
2084,29.4,6
2085,24.43,6
2086,28.34,6
2087,25.84,6
2088,39.55,6
2089,20.65,6
2090,21.49,6
2091,18.98,6
2092,22.23,6
2093,26.89,6
2094,17.1,6
2095,20.75,6
2096,28.66,6
2097,25.68,6
2098,21.18,6
2099,26.07,6
2100,28.1,6
2101,18.35,6
2102,28.7,6
2103,16.84,6
2104,36.08,6
2105,22.83,6
2106,28.17,6
2107,14.24,6
2108,17.32,6
2109,19.84,6
2110,26.77,6
2111,28.71,6
2112,22.29,6
2113,26.82,6
2114,20.74,6
2115,19.38,6
2116,22.54,6
2117,20.37,6
2118,25.7,6
2119,20.9,6
2120,49.63,6
2121,23.4,6
2122,25.01,6
2123,25.52,6
2124,24.06,6
2125,15.82,6
2126,25.23,6
2127,20.85,6
2128,18.04,6
2129,25.24,6
2130,21.89,6
2131,23.04,6
2132,19.09,6
2133,24.1,6
2134,17.73,6
2135,18.66,6
2136,20.12,6
2137,19.93,6
2138,32.96,6
2139,22.01,6
2140,23.11,6
2141,31.93,6
2142,23.46,6
2143,23.59,6
2144,18.99,6
2145,19.01,6
2146,24.38,6
2147,16.23,6
2148,32.71,6
2149,26.22,6
2150,23.7,6
2151,21.4,6
2152,21.14,6
2153,20.72,6
2154,19.86,6
2155,27.11,6
2156,33.88,6
2157,16.69,6
2158,24.9,6
2159,26.16,6
2160,21.22,6
2161,26.95,6
2162,28.45,6
2163,24.34,6
2164,43.16,6
2165,21.79,6
2166,28.52,6
2167,17.52,6
2168,35.08,6
2169,25.13,6
2170,20.41,6
2171,31.46,6
2172,21.41,6
2173,29.19,6
2174,21.38,6
2175,19.22,6
2176,20.54,6
2177,22.74,6
2178,19.49,6
2179,19.4,6
2180,29.06,6
2181,19.08,6
2182,26.99,6
2183,14.33,6
2184,19.13,6
2185,33.4,6
2186,23.76,6
2187,21.35,6
2188,24.53,6
2189,18.56,6
2190,23.43,6
2191,21.12,6
2192,17.36,6
2193,20.49,6
2194,29.79,6
2195,23.63,6
2196,25.32,6
2197,35.58,6
2198,27.79,6
2199,34.16,6
2200,20.39,6
2201,21.6,6
2202,20.5,6
2203,24.27,6
2204,19.39,6
2205,20.79,6
2206,20.36,6
2207,21.0,6
2208,19.37,6
2209,20.48,6
2210,29.34,6
2211,22.52,6
2212,30.66,6
2213,22.81,6
2214,29.48,6
2215,24.64,6
2216,36.56,6
2217,23.23,6
2218,28.73,6
2219,16.15,6
2220,20.95,6
2221,29.01,6
2222,16.32,6
2223,33.95,6
2224,17.65,6
2225,30.88,6
2226,20.25,6
2227,20.69,6
2228,18.33,6
2229,23.9,6
2230,20.16,6
2231,27.49,6
2232,23.83,6
2233,28.59,6
2234,26.58,6
2235,20.94,6
2236,24.22,6
2237,28.31,6
2238,23.06,6
2239,28.25,6
2240,22.21,6
2241,26.39,6
2242,25.19,6
2243,29.44,6
2244,18.86,6
2245,28.72,6
2246,26.51,6
2247,21.46,6
2248,34.02,6
2249,19.36,6
2250,20.58,6
2251,18.23,6
2252,19.81,6
2253,28.77,6
2254,16.75,6
2255,13.44,6
2256,23.14,6
2257,17.47,6
2258,22.72,6
2259,24.67,6
2260,18.44,6
2261,23.25,6
2262,28.95,6
2263,22.19,6
2264,17.51,6
2265,18.84,6
2266,18.58,6
2267,28.21,6
2268,28.53,6
2269,22.2,6
2270,26.79,6
2271,41.52,6
2272,19.21,6
2273,26.21,6
2274,27.27,6
2275,25.44,5
2276,29.84,5
2277,25.75,5
2278,29.16,5
2279,24.87,5
2280,44.04,5
2281,26.81,5
2282,19.76,5
2283,25.3,5
2284,26.4,5
2285,20.3,5
2286,23.81,5
2287,37.96,5
2288,22.33,5
2289,18.65,5
2290,40.3,5
2291,35.99,5
2292,23.86,5
2293,31.43,5
2294,23.79,5
2295,39.54,5
2296,29.05,5
2297,24.68,5
2298,24.99,5
2299,23.53,5
2300,23.47,5
2301,26.42,5
2302,25.96,5
2303,30.62,5
2304,19.95,5
2305,25.71,5
2306,41.43,5
2307,15.59,5
2308,31.88,5
2309,23.61,5
2310,29.3,5
2311,34.74,5
2312,27.59,5
2313,41.87,5
2314,22.53,5
2315,26.14,5
2316,31.6,5
2317,20.62,5
2318,20.28,5
2319,16.71,5
2320,32.67,5
2321,25.59,5
2322,26.24,5
2323,22.94,5
2324,32.18,5
2325,25.33,5
2326,16.29,5
2327,29.02,5
2328,25.78,5
2329,42.21,5
2330,24.47,5
2331,21.11,5
2332,37.29,5
2333,31.87,5
2334,21.64,5
2335,24.0,5
2336,25.43,5
2337,29.5,5
2338,28.86,5
2339,28.64,5
2340,24.36,5
2341,33.65,5
2342,20.78,5
2343,34.11,5
2344,27.28,5
2345,23.88,5
2346,21.65,5
2347,24.81,5
2348,27.33,5
2349,34.61,5
2350,38.49,5
2351,20.34,5
2352,17.88,5
2353,38.23,5
2354,23.94,5
2355,30.92,5
2356,28.44,5
2357,22.61,5
2358,27.99,5
2359,36.48,5
2360,26.34,5
2361,33.28,5
2362,33.76,5
2363,19.44,5
2364,23.6,5
2365,30.21,5
2366,33.35,5
2367,22.04,5
2368,34.7,5
2369,34.98,5
2370,19.51,5
2371,31.11,5
2372,36.54,5
2373,23.18,5
2374,19.46,5
2375,29.33,5
2376,23.07,5
2377,27.68,5
2378,25.85,5
2379,30.78,5
2380,24.79,5
2381,29.31,5
2382,22.08,5
2383,32.32,5
2384,24.86,5
2385,20.96,5
2386,22.98,5
2387,25.55,5
2388,26.86,5
2389,20.0,5
2390,31.73,5
2391,30.84,5
2392,20.09,5
2393,23.95,5
2394,24.49,5
2395,37.22,5
2396,35.66,5
2397,20.57,5
2398,26.32,5
2399,31.51,5
2400,33.02,5
2401,22.41,5
2402,17.77,5
2403,23.41,5
2404,21.87,5
2405,16.11,5
2406,29.46,5
2407,22.13,5
2408,38.32,5
2409,26.35,5
2410,23.66,5
2411,34.92,5
2412,29.88,5
2413,33.18,5
2414,24.71,5
2415,30.42,5
2416,19.68,5
2417,30.46,5
2418,20.13,5
2419,18.64,5
2420,28.99,5
2421,16.91,5
2422,24.66,5
2423,27.92,5
2424,27.64,5
2425,22.8,5
2426,23.77,5
2427,45.33,5
2428,19.83,5
2429,45.95,5
2430,23.37,5
2431,26.63,5
2432,33.63,5
2433,30.2,5
2434,27.47,5
2435,25.37,5
2436,19.56,5
2437,26.55,5
2438,25.69,5
2439,23.2,5
2440,29.8,5
2441,32.84,5
2442,41.48,5
2443,20.55,5
2444,25.15,5
2445,23.52,5
2446,31.58,5
2447,22.25,5
2448,37.31,5
2449,21.2,5
2450,23.26,5
2451,34.77,5
2452,40.67,5
2453,34.2,5
2454,21.88,5
2455,33.31,5
2456,25.02,5
2457,34.73,5
2458,20.64,5
2459,30.03,5
2460,21.08,5
2461,22.47,5
2462,17.91,5
2463,30.02,5
2464,28.43,5
2465,32.76,5
2466,25.82,5
2467,19.77,5
2468,22.71,5
2469,19.48,5
2470,32.73,5
2471,32.15,5
2472,20.24,5
2473,22.49,5
2474,19.7,5
2475,39.32,5
2476,21.76,5
2477,31.72,5
2478,24.54,5
2479,28.02,5
2480,28.2,5
2481,19.78,5
2482,21.54,5
2483,31.4,5
2484,28.03,5
2485,31.23,5
2486,21.23,5
2487,25.6,5
2488,28.87,5
2489,23.55,5
2490,19.57,5
2491,31.38,5
2492,23.15,5
2493,27.36,5
2494,37.1,5
2495,26.7,5
2496,25.39,5
2497,27.82,5
2498,36.27,5
2499,27.37,5
2500,29.54,5
2501,21.56,5
2502,27.18,5
2503,28.94,5
2504,21.92,5
2505,22.02,5
2506,26.45,5
2507,20.38,5
2508,28.09,5
2509,30.28,5
2510,30.24,5
2511,21.45,5
2512,35.35,5
2513,26.71,5
2514,28.14,5
2515,22.79,5
2516,22.73,5
2517,21.94,5
2518,20.98,5
2519,21.04,5
2520,28.57,5
2521,27.87,5
2522,30.44,5
2523,17.72,5
2524,23.93,5
2525,30.61,5
2526,24.78,5
2527,28.58,5
2528,25.64,5
2529,21.95,5
2530,25.86,5
2531,21.57,5
2532,25.54,5
2533,24.42,5
2534,26.53,5
2535,26.47,5
2536,26.84,4
2537,27.29,4
2538,26.26,4
2539,26.65,4
2540,33.34,4
2541,37.56,4
2542,31.79,4
2543,27.46,4
2544,24.39,4
2545,28.38,4
2546,24.11,4
2547,38.54,4
2548,22.67,4
2549,27.66,4
2550,27.56,4
2551,33.1,4
2552,22.86,4
2553,38.29,4
2554,22.89,4
2555,35.63,4
2556,22.64,4
2557,43.91,4
2558,29.97,4
2559,29.55,4
2560,17.31,4
2561,22.43,4
2562,40.68,4
2563,40.02,4
2564,48.99,4
2565,28.24,4
2566,36.05,4
2567,28.01,4
2568,26.59,4
2569,50.87,4
2570,27.12,4
2571,43.32,4
2572,53.74,4
2573,27.76,4
2574,31.63,4
2575,33.01,4
2576,24.85,4
2577,18.7,4
2578,21.34,4
2579,28.84,4
2580,29.69,4
2581,29.2,4
2582,22.34,4
2583,29.96,4
2584,28.16,4
2585,28.79,4
2586,30.55,4
2587,42.73,4
2588,24.3,4
2589,36.03,4
2590,31.31,4
2591,33.49,4
2592,19.8,4
2593,18.74,4
2594,34.53,4
2595,18.3,4
2596,47.85,4
2597,34.72,4
2598,19.2,4
2599,31.5,4
2600,36.71,4
2601,36.73,4
2602,54.16,4
2603,25.62,4
2604,30.06,4
2605,31.12,4
2606,37.47,4
2607,21.47,4
2608,30.76,4
2609,55.51,4
2610,24.84,4
2611,28.97,4
2612,21.74,4
2613,29.25,4
2614,24.12,4
2615,24.16,4
2616,30.58,4
2617,29.64,4
2618,31.84,4
2619,28.28,4
2620,39.87,4
2621,39.0,4
2622,33.25,4
2623,25.17,4
2624,30.81,4
2625,30.67,4
2626,31.92,4
2627,27.23,4
2628,38.36,4
2629,35.82,4
2630,35.81,4
2631,22.97,4
2632,26.9,4
2633,22.27,4
2634,26.48,4
2635,33.44,4
2636,44.71,4
2637,47.2,4
2638,42.42,4
2639,20.44,4
2640,28.47,4
2641,34.64,4
2642,39.41,4
2643,39.38,4
2644,24.32,4
2645,37.24,4
2646,40.74,4
2647,35.91,4
2648,27.73,4
2649,22.87,4
2650,33.41,4
2651,28.56,4
2652,26.36,4
2653,29.14,4
2654,35.76,4
2655,29.35,4
2656,44.16,4
2657,24.07,4
2658,22.63,4
2659,47.55,4
2660,30.33,4
2661,21.72,4
2662,31.54,4
2663,29.51,4
2664,33.23,4
2665,30.86,4
2666,26.01,4
2667,36.14,4
2668,22.92,4
2669,35.69,4
2670,29.94,4
2671,14.93,4
2672,28.18,4
2673,25.93,4
2674,22.46,4
2675,25.79,4
2676,32.06,4
2677,31.33,4
2678,27.9,4
2679,28.51,4
2680,26.8,4
2681,20.2,4
2682,31.53,4
2683,34.82,4
2684,30.01,4
2685,49.91,4
2686,25.03,4
2687,27.88,4
2688,18.91,4
2689,29.22,4
2690,20.8,4
2691,32.24,4
2692,34.97,4
2693,34.03,4
2694,30.34,4
2695,25.88,4
2696,48.42,4
2697,26.62,4
2698,37.63,4
2699,47.79,4
2700,29.6,4
2701,25.57,4
2702,53.54,4
2703,37.93,4
2704,37.38,4
2705,40.48,4
2706,21.43,4
2707,32.08,4
2708,40.2,4
2709,44.61,4
2710,32.68,4
2711,18.53,4
2712,37.09,4
2713,36.18,4
2714,16.86,4
2715,19.67,4
2716,21.97,4
2717,40.98,4
2718,23.28,4
2719,23.58,4
2720,42.2,4
2721,29.81,4
2722,32.61,4
2723,32.89,4
2724,41.12,4
2725,29.89,4
2726,30.47,4
2727,39.4,4
2728,31.39,4
2729,27.09,4
2730,29.09,4
2731,26.5,4
2732,35.03,4
2733,40.9,4
2734,23.38,4
2735,27.81,4
2736,31.0,4
2737,33.32,4
2738,20.26,4
2739,26.05,4
2740,24.29,4
2741,40.26,4
2742,40.08,4
2743,39.76,4
2744,21.42,4
2745,30.65,4
2746,23.33,4
2747,23.17,4
2748,27.52,4
2749,36.64,4
2750,24.6,4
2751,34.66,4
2752,27.4,4
2753,38.33,4
2754,37.54,4
2755,41.23,4
2756,26.19,4
2757,23.22,4
2758,23.78,4
2759,54.66,4
2760,29.12,4
2761,25.76,4
2762,17.42,4
2763,27.72,4
2764,25.61,4
2765,30.53,4
2766,28.33,4
2767,48.81,4
2768,49.51,4
2769,28.19,4
2770,29.56,4
2771,32.95,4
2772,36.26,4
2773,29.57,4
2774,27.93,4
2775,41.09,4
2776,24.02,4
2777,30.0,4
2778,25.56,4
2779,41.4,4
2780,32.3,4
2781,36.98,4
2782,23.31,4
2783,21.06,4
2784,27.97,4
2785,28.06,4
2786,34.71,4
2787,31.91,4
2788,27.57,4
2789,40.05,4
2790,22.66,4
2791,26.31,4
2792,28.37,4
2793,37.89,4
2794,30.29,4
2795,36.83,4
2796,36.31,4
2797,43.57,4
2798,29.08,4
2799,21.59,4
2800,27.22,4
2801,32.85,4
2802,36.46,4
2803,25.49,4
2804,35.15,4
2805,26.83,4
2806,43.03,4
2807,26.67,4
2808,30.35,4
2809,26.3,4
2810,25.42,4
2811,31.26,4
2812,26.69,4
2813,20.01,4
2814,20.42,4
2815,27.42,4
2816,18.27,4
2817,27.85,4
2818,29.92,4
2819,41.46,4
2820,31.13,4
2821,25.98,4
2822,30.79,4
2823,31.02,4
2824,39.33,4
2825,22.31,4
2826,24.97,4
2827,24.94,4
2828,40.75,4
2829,54.64,4
2830,27.03,4
2831,29.29,4
2832,26.61,4
2833,27.06,4
2834,35.71,4
2835,16.7,4
2836,22.07,4
2837,44.58,4
2838,36.21,4
2839,39.5,4
2840,33.45,4
2841,21.98,4
2842,28.93,4
2843,21.36,4
2844,40.84,4
2845,26.18,4
2846,25.29,4
2847,16.42,4
2848,32.74,4
2849,30.77,4
2850,29.07,4
2851,16.65,4
2852,29.21,4
2853,25.81,4
2854,33.21,4
2855,24.03,4
2856,22.55,4
2857,25.9,4
2858,20.1,4
2859,30.43,4
2860,40.95,4
2861,28.54,4
2862,36.22,4
2863,20.84,4
2864,22.42,4
2865,28.96,4
2866,33.72,4
2867,32.87,4
2868,26.2,4
2869,32.21,4
2870,22.36,4
2871,33.29,4
2872,27.89,4
2873,34.12,4
2874,36.81,4
2875,22.51,4
2876,43.83,4
2877,23.3,4
2878,24.77,4
2879,28.4,4
2880,35.24,4
2881,28.65,4
2882,26.92,4
2883,28.67,4
2884,25.38,4
2885,26.46,4
2886,29.42,4
2887,24.5,4
2888,18.28,4
2889,38.0,4
2890,24.19,4
2891,27.7,4
2892,41.55,4
2893,36.9,3
2894,31.24,3
2895,28.92,3
2896,24.15,3
2897,21.61,3
2898,45.46,3
2899,44.38,3
2900,29.86,3
2901,44.37,3
2902,25.94,3
2903,32.51,3
2904,32.13,3
2905,34.94,3
2906,39.42,3
2907,25.41,3
2908,39.08,3
2909,35.87,3
2910,31.16,3
2911,52.07,3
2912,34.33,3
2913,37.48,3
2914,39.88,3
2915,35.72,3
2916,40.22,3
2917,29.85,3
2918,21.19,3
2919,58.77,3
2920,46.78,3
2921,26.93,3
2922,50.74,3
2923,43.69,3
2924,52.38,3
2925,33.37,3
2926,43.85,3
2927,27.43,3
2928,35.46,3
2929,52.35,3
2930,35.13,3
2931,22.37,3
2932,35.7,3
2933,34.44,3
2934,29.75,3
2935,49.21,3
2936,36.04,3
2937,32.97,3
2938,15.51,3
2939,27.51,3
2940,51.01,3
2941,37.98,3
2942,37.77,3
2943,29.68,3
2944,30.15,3
2945,43.55,3
2946,39.84,3
2947,47.87,3
2948,36.24,3
2949,33.16,3
2950,33.84,3
2951,52.92,3
2952,20.08,3
2953,29.1,3
2954,34.42,3
2955,23.21,3
2956,34.58,3
2957,70.88,3
2958,39.67,3
2959,41.62,3
2960,37.73,3
2961,44.87,3
2962,30.72,3
2963,25.21,3
2964,23.97,3
2965,35.09,3
2966,25.87,3
2967,37.8,3
2968,46.89,3
2969,26.57,3
2970,46.42,3
2971,30.91,3
2972,33.51,3
2973,37.7,3
2974,29.43,3
2975,31.32,3
2976,24.44,3
2977,34.51,3
2978,30.07,3
2979,32.65,3
2980,36.82,3
2981,19.31,3
2982,31.49,3
2983,29.99,3
2984,26.38,3
2985,42.14,3
2986,36.53,3
2987,38.08,3
2988,38.04,3
2989,46.83,3
2990,78.09,3
2991,46.82,3
2992,38.1,3
2993,23.03,3
2994,23.16,3
2995,42.79,3
2996,34.83,3
2997,36.51,3
2998,34.17,3
2999,28.85,3
3000,33.47,3
3001,47.62,3
3002,38.63,3
3003,30.17,3
3004,38.62,3
3005,35.2,3
3006,60.86,3
3007,28.22,3
3008,30.98,3
3009,30.73,3
3010,38.85,3
3011,43.2,3
3012,26.85,3
3013,44.62,3
3014,47.94,3
3015,36.47,3
3016,46.14,3
3017,34.99,3
3018,43.96,3
3019,45.37,3
3020,48.84,3
3021,29.66,3
3022,41.31,3
3023,30.32,3
3024,25.1,3
3025,21.48,3
3026,45.85,3
3027,39.25,3
3028,40.69,3
3029,31.99,3
3030,37.4,3
3031,20.87,3
3032,39.64,3
3033,42.33,3
3034,34.22,3
3035,22.11,3
3036,26.88,3
3037,43.76,3
3038,28.62,3
3039,37.17,3
3040,42.58,3
3041,42.45,3
3042,37.94,3
3043,41.83,3
3044,27.15,3
3045,39.75,3
3046,37.44,3
3047,30.41,3
3048,28.15,3
3049,25.77,3
3050,33.85,3
3051,36.94,3
3052,54.02,3
3053,46.51,3
3054,29.27,3
3055,26.66,3
3056,33.78,3
3057,29.23,3
3058,37.23,3
3059,33.14,3
3060,35.33,3
3061,45.32,3
3062,44.97,3
3063,41.6,3
3064,29.26,3
3065,28.0,3
3066,45.92,3
3067,38.27,3
3068,31.42,3
3069,32.8,3
3070,44.54,3
3071,57.76,3
3072,49.46,3
3073,65.02,3
3074,45.0,3
3075,26.64,3
3076,41.15,3
3077,50.24,3
3078,26.25,3
3079,36.32,3
3080,18.51,3
3081,27.35,3
3082,24.65,3
3083,37.62,3
3084,33.98,3
3085,45.54,3
3086,23.0,3
3087,19.59,3
3088,30.51,3
3089,41.99,3
3090,35.83,3
3091,27.48,3
3092,32.01,3
3093,62.22,3
3094,48.93,3
3095,25.99,3
3096,48.0,3
3097,36.85,3
3098,37.53,3
3099,35.51,3
3100,47.14,3
3101,20.89,3
3102,55.92,3
3103,37.51,3
3104,34.0,3
3105,25.06,3
3106,38.17,3
3107,39.04,3
3108,38.31,3
3109,30.9,3
3110,31.66,3
3111,31.36,3
3112,58.23,3
3113,18.96,3
3114,36.07,3
3115,38.65,3
3116,36.67,3
3117,51.1,3
3118,30.16,3
3119,31.64,3
3120,31.62,3
3121,27.14,3
3122,38.92,3
3123,30.85,3
3124,25.11,3
3125,25.65,3
3126,56.74,3
3127,29.93,3
3128,39.81,3
3129,33.24,3
3130,33.15,3
3131,31.15,3
3132,40.21,3
3133,34.65,3
3134,58.41,3
3135,87.75,3
3136,30.99,3
3137,29.7,3
3138,46.86,3
3139,33.13,3
3140,28.9,3
3141,23.32,3
3142,40.46,3
3143,24.91,3
3144,40.66,3
3145,29.36,3
3146,31.89,3
3147,39.97,3
3148,56.6,3
3149,36.77,3
3150,30.82,3
3151,43.34,3
3152,37.14,3
3153,30.93,3
3154,46.87,3
3155,48.26,3
3156,41.58,3
3157,34.37,3
3158,24.21,3
3159,30.75,3
3160,37.42,3
3161,45.12,3
3162,31.68,3
3163,28.11,3
3164,35.79,3
3165,27.84,3
3166,43.21,3
3167,48.2,3
3168,43.44,3
3169,26.94,3
3170,37.05,3
3171,28.49,3
3172,43.88,3
3173,43.38,3
3174,32.88,3
3175,51.8,3
3176,22.22,3
3177,29.45,3
3178,19.27,3
3179,36.91,3
3180,24.69,3
3181,32.44,3
3182,36.44,3
3183,26.02,3
3184,48.02,3
3185,39.66,3
3186,33.55,3
3187,35.23,3
3188,39.94,3
3189,43.09,3
3190,31.19,3
3191,29.71,3
3192,35.61,3
3193,54.0,3
3194,36.45,3
3195,45.43,3
3196,34.21,3
3197,46.52,3
3198,37.61,3
3199,21.67,3
3200,29.13,3
3201,32.0,3
3202,38.73,3
3203,33.27,3
3204,41.24,3
3205,33.48,3
3206,27.83,3
3207,31.74,3
3208,45.61,3
3209,33.8,3
3210,40.0,3
3211,35.78,3
3212,33.43,3
3213,30.95,3
3214,21.01,3
3215,63.1,3
3216,32.41,3
3217,33.7,3
3218,42.98,3
3219,23.42,3
3220,23.91,3
3221,27.75,3
3222,39.29,3
3223,40.18,3
3224,41.59,3
3225,30.38,3
3226,32.05,3
3227,27.86,3
3228,39.1,3
3229,31.22,3
3230,25.47,3
3231,42.96,3
3232,35.1,3
3233,34.45,3
3234,25.58,3
3235,32.62,3
3236,29.37,3
3237,29.95,3
3238,44.91,3
3239,29.11,3
3240,24.95,3
3241,44.18,3
3242,31.52,3
3243,35.29,3
3244,35.93,3
3245,38.41,3
3246,40.41,3
3247,41.98,3
3248,53.83,3
3249,51.44,3
3250,24.55,3
3251,35.98,3
3252,43.0,3
3253,35.39,3
3254,35.26,3
3255,38.72,3
3256,23.73,3
3257,34.52,3
3258,34.78,3
3259,27.8,3
3260,31.48,3
3261,33.73,3
3262,32.34,3
3263,31.28,3
3264,38.18,3
3265,47.63,3
3266,25.63,3
3267,44.43,3
3268,32.56,3
3269,27.62,3
3270,37.55,3
3271,32.58,3
3272,26.52,3
3273,33.58,3
3274,30.63,3
3275,30.31,3
3276,32.43,3
3277,29.58,3
3278,32.27,3
3279,25.97,3
3280,29.61,3
3281,33.08,3
3282,33.77,3
3283,33.42,3
3284,23.84,3
3285,27.63,3
3286,24.61,3
3287,29.98,3
3288,44.57,3
3289,32.5,3
3290,69.4,3
3291,28.13,3
3292,23.67,3
3293,47.77,3
3294,36.92,3
3295,33.89,3
3296,50.63,3
3297,38.02,3
3298,26.73,3
3299,28.55,3
3300,31.05,3
3301,34.27,3
3302,30.37,3
3303,28.63,3
3304,27.21,3
3305,38.7,3
3306,39.23,3
3307,27.44,3
3308,36.41,3
3309,43.79,3
3310,32.09,3
3311,31.81,3
3312,33.54,3
3313,22.44,3
3314,32.91,3
3315,27.91,3
3316,29.0,3
3317,44.89,3
3318,46.53,3
3319,33.83,3
3320,34.01,3
3321,28.12,3
3322,35.36,3
3323,64.17,3
3324,38.84,3
3325,25.18,3
3326,22.0,3
3327,37.88,3
3328,34.36,3
3329,41.84,3
3330,46.93,3
3331,27.38,3
3332,25.89,3
3333,29.53,3
3334,36.62,3
3335,24.56,3
3336,25.14,3
3337,27.32,3
3338,34.85,3
3339,31.44,3
3340,55.97,3
3341,29.32,3
3342,30.45,3
3343,25.67,3
3344,47.43,3
3345,35.55,3
3346,34.49,3
3347,42.76,3
3348,42.59,3
3349,27.95,3
3350,46.22,3
3351,41.26,3
3352,33.07,3
3353,28.82,3
3354,28.26,3
3355,44.72,3
3356,33.0,3
3357,39.68,3
3358,47.07,3
3359,27.69,3
3360,23.27,3
3361,34.14,3
3362,37.35,3
3363,28.68,3
3364,26.03,3
3365,67.0,3
3366,37.21,3
3367,42.23,3
3368,32.02,3
3369,28.39,3
3370,46.69,3
3371,23.62,3
3372,28.29,3
3373,39.89,3
3374,30.96,3
3375,28.46,3
3376,54.63,3
3377,22.85,3
3378,30.1,3
3379,27.71,3
3380,41.49,2
3381,50.22,2
3382,21.39,2
3383,48.94,2
3384,33.36,2
3385,42.47,2
3386,114.28,2
3387,30.12,2
3388,50.15,2
3389,29.03,2
3390,25.74,2
3391,51.93,2
3392,51.14,2
3393,41.5,2
3394,39.99,2
3395,53.63,2
3396,39.07,2
3397,33.62,2
3398,44.74,2
3399,43.84,2
3400,58.53,2
3401,53.28,2
3402,89.51,2
3403,40.77,2
3404,37.59,2
3405,36.16,2
3406,49.82,2
3407,44.05,2
3408,55.82,2
3409,46.41,2
3410,31.04,2
3411,63.74,2
3412,25.05,2
3413,28.61,2
3414,37.83,2
3415,19.61,2
3416,31.27,2
3417,60.79,2
3418,33.94,2
3419,72.27,2
3420,41.35,2
3421,28.81,2
3422,41.75,2
3423,37.12,2
3424,38.55,2
3425,41.08,2
3426,52.44,2
3427,51.75,2
3428,32.7,2
3429,35.11,2
3430,41.34,2
3431,70.07,2
3432,47.91,2
3433,49.06,2
3434,34.24,2
3435,38.22,2
3436,41.54,2
3437,33.93,2
3438,54.84,2
3439,36.52,2
3440,63.32,2
3441,36.68,2
3442,28.75,2
3443,45.05,2
3444,46.71,2
3445,34.38,2
3446,45.19,2
3447,140.15,2
3448,34.41,2
3449,34.59,2
3450,48.22,2
3451,29.78,2
3452,27.67,2
3453,53.09,2
3454,34.1,2
3455,23.74,2
3456,35.86,2
3457,45.88,2
3458,71.61,2
3459,32.69,2
3460,43.75,2
3461,41.32,2
3462,41.95,2
3463,29.41,2
3464,40.47,2
3465,58.19,2
3466,25.09,2
3467,35.47,2
3468,46.96,2
3469,61.08,2
3470,49.23,2
3471,36.12,2
3472,24.51,2
3473,47.0,2
3474,44.11,2
3475,41.27,2
3476,52.29,2
3477,53.02,2
3478,35.04,2
3479,36.13,2
3480,40.82,2
3481,36.57,2
3482,40.78,2
3483,65.94,2
3484,33.68,2
3485,45.8,2
3486,45.55,2
3487,50.67,2
3488,31.85,2
3489,62.76,2
3490,41.1,2
3491,32.19,2
3492,48.44,2
3493,28.05,2
3494,65.68,2
3495,85.6,2
3496,35.25,2
3497,31.7,2
3498,38.5,2
3499,37.2,2
3500,67.96,2
3501,35.59,2
3502,35.41,2
3503,36.06,2
3504,49.04,2
3505,52.26,2
3506,35.38,2
3507,52.99,2
3508,39.02,2
3509,42.68,2
3510,55.2,2
3511,42.4,2
3512,63.95,2
3513,32.23,2
3514,41.44,2
3515,29.87,2
3516,36.78,2
3517,30.48,2
3518,32.35,2
3519,40.38,2
3520,69.21,2
3521,35.27,2
3522,35.52,2
3523,44.3,2
3524,50.14,2
3525,61.79,2
3526,50.57,2
3527,35.42,2
3528,41.85,2
3529,39.49,2
3530,54.05,2
3531,37.33,2
3532,124.16,2
3533,36.29,2
3534,29.91,2
3535,53.2,2
3536,41.77,2
3537,36.17,2
3538,46.29,2
3539,31.37,2
3540,33.9,2
3541,49.81,2
3542,33.69,2
3543,41.65,2
3544,46.49,2
3545,47.59,2
3546,38.43,2
3547,28.78,2
3548,25.08,2
3549,31.41,2
3550,45.7,2
3551,62.38,2
3552,54.35,2
3553,56.03,2
3554,59.68,2
3555,59.76,2
3556,72.41,2
3557,31.67,2
3558,42.03,2
3559,44.79,2
3560,28.88,2
3561,56.2,2
3562,32.36,2
3563,43.39,2
3564,37.84,2
3565,72.33,2
3566,58.31,2
3567,59.69,2
3568,46.63,2
3569,58.34,2
3570,40.73,2
3571,53.01,2
3572,68.31,2
3573,66.88,2
3574,62.31,2
3575,65.14,2
3576,42.93,2
3577,58.38,2
3578,44.63,2
3579,22.84,2
3580,31.17,2
3581,48.73,2
3582,46.76,2
3583,43.25,2
3584,43.67,2
3585,38.26,2
3586,42.0,2
3587,51.18,2
3588,35.57,2
3589,27.58,2
3590,23.54,2
3591,40.13,2
3592,44.02,2
3593,39.61,2
3594,46.08,2
3595,45.42,2
3596,38.98,2
3597,29.52,2
3598,30.26,2
3599,48.05,2
3600,33.87,2
3601,33.86,2
3602,31.34,2
3603,41.17,2
3604,47.52,2
3605,42.51,2
3606,36.19,2
3607,55.25,2
3608,40.12,2
3609,51.55,2
3610,63.89,2
3611,31.08,2
3612,24.52,2
3613,40.86,2
3614,30.74,2
3615,64.33,2
3616,44.73,2
3617,50.71,2
3618,43.13,2
3619,32.55,2
3620,41.16,2
3621,48.21,2
3622,62.81,2
3623,56.01,2
3624,96.35,2
3625,41.3,2
3626,27.53,2
3627,52.19,2
3628,37.27,2
3629,43.17,2
3630,51.62,2
3631,48.45,2
3632,46.77,2
3633,37.06,2
3634,44.96,2
3635,58.64,2
3636,58.86,2
3637,29.67,2
3638,25.35,2
3639,93.06,2
3640,45.44,2
3641,28.48,2
3642,32.72,2
3643,60.02,2
3644,32.59,2
3645,54.65,2
3646,56.13,2
3647,41.05,2
3648,37.25,2
3649,50.45,2
3650,36.97,2
3651,50.84,2
3652,50.2,2
3653,53.61,2
3654,43.72,2
3655,57.3,2
3656,83.17,2
3657,33.81,2
3658,49.56,2
3659,49.54,2
3660,72.02,2
3661,26.11,2
3662,26.75,2
3663,89.22,2
3664,34.5,2
3665,45.34,2
3666,51.45,2
3667,25.72,2
3668,59.0,2
3669,36.96,2
3670,60.35,2
3671,53.04,2
3672,38.38,2
3673,62.28,2
3674,28.74,2
3675,53.6,2
3676,62.72,2
3677,61.77,2
3678,35.45,2
3679,31.61,2
3680,42.91,2
3681,52.0,2
3682,38.44,2
3683,34.91,2
3684,44.35,2
3685,42.24,2
3686,32.52,2
3687,52.88,2
3688,42.34,2
3689,29.63,2
3690,44.65,2
3691,48.67,2
3692,24.73,2
3693,27.61,2
3694,39.03,2
3695,61.66,2
3696,48.37,2
3697,27.25,2
3698,35.6,2
3699,33.79,2
3700,43.92,2
3701,65.9,2
3702,49.71,2
3703,39.22,2
3704,52.81,2
3705,24.89,2
3706,40.6,2
3707,38.75,2
3708,25.2,2
3709,35.37,2
3710,46.2,2
3711,49.79,2
3712,29.24,2
3713,41.74,2
3714,39.53,2
3715,51.9,2
3716,49.2,2
3717,48.64,2
3718,37.69,2
3719,48.28,2
3720,24.98,2
3721,66.33,2
3722,32.37,2
3723,24.62,2
3724,59.74,2
3725,35.95,2
3726,38.61,2
3727,46.07,2
3728,29.17,2
3729,38.69,2
3730,52.7,2
3731,61.23,2
3732,32.04,2
3733,99.33,2
3734,71.35,2
3735,49.42,2
3736,50.79,2
3737,54.56,2
3738,33.38,2
3739,38.52,2
3740,44.68,2
3741,50.65,2
3742,87.13,2
3743,23.99,2
3744,68.55,2
3745,81.43,2
3746,28.08,2
3747,49.05,2
3748,70.83,2
3749,73.53,2
3750,31.82,2
3751,49.26,2
3752,56.65,2
3753,24.72,2
3754,56.62,2
3755,39.19,2
3756,49.43,2
3757,39.46,2
3758,31.1,2
3759,40.99,2
3760,34.63,2
3761,94.21,2
3762,47.21,2
3763,33.22,2
3764,44.14,2
3765,41.53,2
3766,38.67,2
3767,74.02,2
3768,36.5,2
3769,52.5,2
3770,42.31,2
3771,38.93,2
3772,68.12,2
3773,29.82,2
3774,52.09,2
3775,34.62,2
3776,46.81,2
3777,41.51,2
3778,62.21,2
3779,114.81,2
3780,35.73,2
3781,24.59,2
3782,30.13,2
3783,40.97,2
3784,40.03,2
3785,32.66,2
3786,43.81,2
3787,27.78,2
3788,98.7,2
3789,57.97,2
3790,42.64,2
3791,42.86,2
3792,57.03,2
3793,40.27,2
3794,54.33,2
3795,57.99,2
3796,49.49,2
3797,50.73,2
3798,64.76,2
3799,37.03,2
3800,30.09,2
3801,36.25,2
3802,35.65,2
3803,67.3,2
3804,64.79,2
3805,34.87,2
3806,39.91,2
3807,38.9,2
3808,55.04,2
3809,70.17,2
3810,35.28,2
3811,73.97,2
3812,69.42,2
3813,46.37,2
3814,46.54,2
3815,51.02,2
3816,43.02,2
3817,23.02,2
3818,35.68,2
3819,46.73,2
3820,37.99,2
3821,30.69,2
3822,41.72,2
3823,40.19,2
3824,38.64,2
3825,52.52,2
3826,39.43,2
3827,75.03,2
3828,72.11,2
3829,46.35,2
3830,36.66,2
3831,36.8,2
3832,51.87,2
3833,92.95,2
3834,34.34,2
3835,31.95,2
3836,40.88,2
3837,38.47,2
3838,38.53,2
3839,49.99,2
3840,41.41,2
3841,36.28,2
3842,50.55,2
3843,27.34,2
3844,50.95,2
3845,101.32,2
3846,45.07,2
3847,34.13,2
3848,50.42,2
3849,31.8,2
3850,35.12,2
3851,41.92,2
3852,38.13,2
3853,37.86,2
3854,47.78,2
3855,51.6,2
3856,54.31,2
3857,55.69,2
3858,28.07,2
3859,26.43,2
3860,29.73,2
3861,37.49,2
3862,56.66,2
3863,28.04,2
3864,26.33,2
3865,46.36,2
3866,50.37,2
3867,23.51,2
3868,50.48,2
3869,30.5,2
3870,59.58,2
3871,41.76,2
3872,33.82,2
3873,47.57,2
3874,51.79,2
3875,52.39,2
3876,50.13,2
3877,36.75,2
3878,63.48,2
3879,40.24,2
3880,51.77,2
3881,52.69,2
3882,53.31,2
3883,55.14,2
3884,45.26,2
3885,54.8,2
3886,65.96,2
3887,46.85,2
3888,34.48,2
3889,38.59,2
3890,48.97,2
3891,51.84,2
3892,47.58,2
3893,25.51,2
3894,75.56,2
3895,34.43,2
3896,36.15,2
3897,32.42,2
3898,52.28,2
3899,49.25,2
3900,38.24,2
3901,35.22,2
3902,53.59,2
3903,39.62,2
3904,41.11,2
3905,53.26,2
3906,42.62,2
3907,30.83,2
3908,42.13,2
3909,66.31,2
3910,42.52,2
3911,32.22,2
3912,69.63,2
3913,34.86,2
3914,30.22,2
3915,28.98,2
3916,49.76,2
3917,46.44,2
3918,58.0,2
3919,35.49,2
3920,35.3,2
3921,43.54,2
3922,25.34,2
3923,35.56,2
3924,60.34,2
3925,42.15,2
3926,34.06,2
3927,67.29,2
3928,53.9,2
3929,59.65,2
3930,33.5,2
3931,58.78,2
3932,28.91,2
3933,55.99,2
3934,67.97,2
3935,62.6,2
3936,49.14,2
3937,37.74,2
3938,45.36,2
3939,51.46,2
3940,44.7,2
3941,34.54,2
3942,31.07,2
3943,28.41,2
3944,29.83,2
3945,61.25,2
3946,51.09,2
3947,59.85,2
3948,57.95,2
3949,52.55,2
3950,38.58,2
3951,37.32,2
3952,31.3,2
3953,69.59,2
3954,41.36,2
3955,41.14,2
3956,55.83,2
3957,90.19,2
3958,33.03,2
3959,27.26,2
3960,60.6,2
3961,62.8,2
3962,44.2,2
3963,56.47,2
3964,55.63,2
3965,51.58,2
3966,39.98,2
3967,24.17,2
3968,36.59,2
3969,44.86,2
3970,55.22,2
3971,38.15,2
3972,53.27,2
3973,46.79,2
3974,41.39,2
3975,41.18,2
3976,59.55,2
3977,51.91,2
3978,44.88,2
3979,48.49,2
3980,44.21,2
3981,61.84,2
3982,33.75,2
3983,40.04,2
3984,53.05,2
3985,35.01,2
3986,38.35,2
3987,49.11,2
3988,49.39,2
3989,32.57,2
3990,75.82,2
3991,45.41,2
3992,42.72,2
3993,45.47,2
3994,64.29,2
3995,45.86,2
3996,65.8,2
3997,37.91,2
3998,44.01,2
3999,46.3,2
4000,45.31,2
4001,42.56,2
4002,50.91,2
4003,37.58,2
4004,30.54,2
4005,48.35,2
4006,55.24,2
4007,30.6,2
4008,60.09,2
4009,26.15,2
4010,50.89,2
4011,43.7,2
4012,81.89,2
4013,60.91,2
4014,57.37,2
4015,28.69,2
4016,24.08,2
4017,40.72,2
4018,64.12,2
4019,29.65,2
4020,44.0,2
4021,24.57,2
4022,32.64,2
4023,32.86,2
4024,42.08,2
4025,27.2,2
4026,36.02,2
4027,47.68,2
4028,29.18,2
4029,42.84,2
4030,40.7,2
4031,34.31,2
4032,58.73,2
4033,51.28,2
4034,22.57,2
4035,59.5,2
4036,61.11,2
4037,43.82,2
4038,40.79,2
4039,59.48,2
4040,25.26,2
4041,24.13,2
4042,47.11,2
4043,58.94,2
4044,90.27,2
4045,89.62,2
4046,31.29,2
4047,59.78,2
4048,78.18,2
4049,45.71,2
4050,34.93,2
4051,27.31,2
4052,39.35,2
4053,47.42,2
4054,30.27,2
4055,44.99,2
4056,77.43,2
4057,35.67,2
4058,43.65,2
4059,44.47,2
4060,42.71,2
4061,43.77,2
4062,32.98,2
4063,48.75,2
4064,54.73,2
4065,44.51,2
4066,56.45,2
4067,38.37,2
4068,49.98,2
4069,17.94,2
4070,76.16,2
4071,32.33,2
4072,36.39,2
4073,38.46,2
4074,37.95,2
4075,39.85,2
4076,39.52,2
4077,33.52,2
4078,45.79,2
4079,44.81,2
4080,50.01,2
4081,41.13,2
4082,20.59,2
4083,59.05,2
4084,25.0,2
4085,53.62,2
4086,32.79,2
4087,32.9,2
4088,39.48,2
4089,38.77,2
4090,50.9,2
4091,58.25,2
4092,41.96,2
4093,32.49,2
4094,49.22,2
4095,32.26,2
4096,45.01,2
4097,22.39,2
4098,48.54,2
4099,113.62,2
4100,26.98,2
4101,26.91,2
4102,35.48,2
4103,22.75,2
4104,61.01,2
4105,53.73,2
4106,58.4,2
4107,58.35,2
4108,43.63,2
4109,52.17,2
4110,49.61,2
4111,49.89,2
4112,45.29,2
4113,42.89,2
4114,32.03,2
4115,34.07,2
4116,66.46,2
4117,57.56,2
4118,34.6,2
4119,75.61,2
4120,46.47,2
4121,48.09,2
4122,43.68,2
4123,27.19,2
4124,45.39,2
4125,45.1,2
4126,46.45,2
4127,48.27,2
4128,68.82,2
4129,73.35,2
4130,46.97,2
4131,33.46,2
4132,82.64,2
4133,28.23,2
4134,39.27,2
4135,31.06,2
4136,47.04,2
4137,50.49,2
4138,52.23,2
4139,66.55,2
4140,26.09,2
4141,53.64,2
4142,51.15,2
4143,30.68,2
4144,25.48,2
4145,44.24,2
4146,58.03,2
4147,61.06,2
4148,39.16,2
4149,57.18,2
4150,30.8,2
4151,40.92,2
4152,66.81,2
4153,46.03,2
4154,73.51,2
4155,33.09,2
4156,34.23,2
4157,61.02,2
4158,33.19,2
4159,33.74,2
4160,54.9,2
4161,27.1,2
4162,54.51,2
4163,29.47,2
4164,66.63,2
4165,33.17,2
4166,40.45,2
4167,71.19,2
4168,52.04,2
4169,40.58,2
4170,36.93,2
4171,44.94,2
4172,57.81,2
4173,82.51,2
4174,61.87,2
4175,56.96,2
4176,55.37,2
4177,74.72,2
4178,29.62,2
4179,36.95,2
4180,47.99,2
4181,65.46,2
4182,44.42,2
4183,42.95,2
4184,58.92,2
4185,52.3,2
4186,33.59,2
4187,55.35,2
4188,22.91,2
4189,37.85,2
4190,48.56,2
4191,51.31,2
4192,34.57,2
4193,31.78,2
4194,43.4,2
4195,44.5,2
4196,25.22,2
4197,31.57,2
4198,55.09,2
4199,66.22,2
4200,32.25,2
4201,53.18,2
4202,43.89,2
4203,47.56,2
4204,59.24,2
4205,41.01,2
4206,34.68,2
4207,63.39,2
4208,33.11,2
4209,34.4,2
4210,44.12,2
4211,26.41,2
4212,30.18,2
4213,60.08,2
4214,53.12,2
4215,42.78,2
4216,62.55,2
4217,50.61,2
4218,26.13,2
4219,30.57,2
4220,50.66,2
4221,32.54,2
4222,36.55,2
4223,50.26,2
4224,56.02,2
4225,42.65,2
4226,36.4,2
4227,69.73,2
4228,38.6,2
4229,63.31,2
4230,47.6,2
4231,31.55,2
4232,27.65,2
4233,35.74,2
4234,33.04,2
4235,45.94,2
4236,49.44,2
4237,36.7,2
4238,63.81,2
4239,39.13,2
4240,63.86,2
4241,48.8,2
4242,48.74,2
4243,30.94,2
4244,39.26,2
4245,75.22,1
4246,42.82,1
4247,53.32,1
4248,130.34,1
4249,512.75,1
4250,171.07,1
4251,56.67,1
4252,29.9,1
4253,47.3,1
4254,33.53,1
4255,120.25,1
4256,48.61,1
4257,75.31,1
4258,301.99,1
4259,35.06,1
4260,78.87,1
4261,80.27,1
4262,53.3,1
4263,51.82,1
4264,101.04,1
4265,111.26,1
4266,47.84,1
4267,42.11,1
4268,79.58,1
4269,118.46,1
4270,58.49,1
4271,61.43,1
4272,43.95,1
4273,99.35,1
4274,117.94,1
4275,75.68,1
4276,276.56,1
4277,79.43,1
4278,63.27,1
4279,53.33,1
4280,62.27,1
4281,73.84,1
4282,48.11,1
4283,29.04,1
4284,82.23,1
4285,30.19,1
4286,36.1,1
4287,56.72,1
4288,47.16,1
4289,152.73,1
4290,95.85,1
4291,71.85,1
4292,38.86,1
4293,53.95,1
4294,45.98,1
4295,54.12,1
4296,77.72,1
4297,39.82,1
4298,27.16,1
4299,63.23,1
4300,49.85,1
4301,65.99,1
4302,87.96,1
4303,62.47,1
4304,63.96,1
4305,115.34,1
4306,85.07,1
4307,63.47,1
4308,118.24,1
4309,85.35,1
4310,57.83,1
4311,53.55,1
4312,97.5,1
4313,88.79,1
4314,65.58,1
4315,31.96,1
4316,65.83,1
4317,78.47,1
4318,76.97,1
4319,67.5,1
4320,67.17,1
4321,59.27,1
4322,44.98,1
4323,65.92,1
4324,39.59,1
4325,84.44,1
4326,27.04,1
4327,291.59,1
4328,34.95,1
4329,44.32,1
4330,98.01,1
4331,79.63,1
4332,37.46,1
4333,40.62,1
4334,83.92,1
4335,52.11,1
4336,68.72,1
4337,106.95,1
4338,130.09,1
4339,60.14,1
4340,68.99,1
4341,44.23,1
4342,46.28,1
4343,284.85,1
4344,131.42,1
4345,46.72,1
4346,38.11,1
4347,79.38,1
4348,38.39,1
4349,32.94,1
4350,56.09,1
4351,69.78,1
4352,49.95,1
4353,158.67,1
4354,53.17,1
4355,84.97,1
4356,65.08,1
4357,82.02,1
4358,76.49,1
4359,32.38,1
4360,63.53,1
4361,118.79,1
4362,57.13,1
4363,90.04,1
4364,49.9,1
4365,45.23,1
4366,36.43,1
4367,43.99,1
4368,57.62,1
4369,67.88,1
4370,51.38,1
4371,28.76,1
4372,49.8,1
4373,42.83,1
4374,42.67,1
4375,55.74,1
4376,45.99,1
4377,49.37,1
4378,44.29,1
4379,64.83,1
4380,51.74,1
4381,88.83,1
4382,65.16,1
4383,54.03,1
4384,75.5,1
4385,32.29,1
4386,83.02,1
4387,87.53,1
4388,44.27,1
4389,81.23,1
4390,38.87,1
4391,54.1,1
4392,76.13,1
4393,52.02,1
4394,79.87,1
4395,97.48,1
4396,70.11,1
4397,51.98,1
4398,150.68,1
4399,166.4,1
4400,67.12,1
4401,34.88,1
4402,53.11,1
4403,93.41,1
4404,96.9,1
4405,82.6,1
4406,65.62,1
4407,97.47,1
4408,37.41,1
4409,35.43,1
4410,54.82,1
4411,27.6,1
4412,58.51,1
4413,71.34,1
4414,57.17,1
4415,343.7,1
4416,38.42,1
4417,46.15,1
4418,46.1,1
4419,79.2,1
4420,69.57,1
4421,57.41,1
4422,91.77,1
4423,57.33,1
4424,59.7,1
4425,53.82,1
4426,52.24,1
4427,42.85,1
4428,26.87,1
4429,83.12,1
4430,33.97,1
4431,23.48,1
4432,427.15,1
4433,80.88,1
4434,44.82,1
4435,36.42,1
4436,47.1,1
4437,45.24,1
4438,65.13,1
4439,52.58,1
4440,92.53,1
4441,79.29,1
4442,47.98,1
4443,70.61,1
4444,40.64,1
4445,83.67,1
4446,48.89,1
4447,60.96,1
4448,40.49,1
4449,65.56,1
4450,43.36,1
4451,35.34,1
4452,69.48,1
4453,194.18,1
4454,59.62,1
4455,45.82,1
4456,61.93,1
4457,45.93,1
4458,34.81,1
4459,68.85,1
4460,185.32,1
4461,35.19,1
4462,65.2,1
4463,45.51,1
4464,66.58,1
4465,46.17,1
4466,64.44,1
4467,43.58,1
4468,43.14,1
4469,47.9,1
4470,79.62,1
4471,38.19,1
4472,62.84,1
4473,57.69,1
4474,106.53,1
4475,42.09,1
4476,37.01,1
4477,35.8,1
4478,32.28,1
4479,115.87,1
4480,57.16,1
4481,1096.65,1
4482,62.74,1
4483,77.04,1
4484,60.48,1
4485,71.99,1
4486,46.05,1
4487,47.95,1
4488,75.75,1
4489,311.68,1
4490,77.84,1
4491,189.85,1
4492,64.67,1
4493,114.38,1
4494,47.65,1
4495,49.62,1
4496,47.93,1
4497,50.21,1
4498,59.47,1
4499,43.62,1
4500,66.19,1
4501,65.25,1
4502,51.66,1
4503,216.87,1
4504,72.5,1
4505,101.83,1
4506,52.67,1
4507,87.22,1
4508,121.84,1
4509,41.04,1
4510,35.07,1
4511,56.82,1
4512,101.67,1
4513,66.48,1
4514,62.88,1
4515,81.83,1
4516,48.13,1
4517,37.52,1
4518,43.59,1
4519,117.64,1
4520,39.31,1
4521,112.89,1
4522,65.84,1
4523,51.16,1
4524,43.41,1
4525,87.34,1
4526,39.58,1
4527,34.28,1
4528,39.92,1
4529,59.77,1
4530,78.92,1
4531,53.81,1
4532,76.28,1
4533,45.27,1
4534,39.6,1
4535,40.51,1
4536,55.62,1
4537,47.35,1
4538,28.5,1
4539,82.4,1
4540,73.92,1
4541,56.86,1
4542,60.82,1
4543,48.48,1
4544,110.27,1
4545,110.23,1
4546,48.55,1
4547,62.48,1
4548,34.05,1
4549,55.71,1
4550,83.2,1
4551,158.19,1
4552,57.91,1
4553,27.77,1
4554,155.14,1
4555,138.53,1
4556,89.79,1
4557,72.48,1
4558,59.96,1
4559,69.04,1
4560,68.75,1
4561,48.15,1
4562,36.09,1
4563,83.05,1
4564,90.84,1
4565,53.85,1
4566,43.5,1
4567,72.86,1
4568,37.87,1
4569,51.4,1
4570,67.72,1
4571,134.99,1
4572,137.17,1
4573,49.58,1
4574,49.92,1
4575,141.33,1
4576,59.75,1
4577,31.86,1
4578,70.87,1
4579,69.13,1
4580,50.52,1
4581,29.59,1
4582,51.61,1
4583,51.89,1
4584,109.67,1
4585,46.92,1
4586,46.58,1
4587,70.71,1
4588,53.1,1
4589,67.14,1
4590,90.41,1
4591,89.85,1
4592,77.54,1
4593,42.54,1
4594,77.96,1
4595,167.19,1
4596,69.29,1
4597,341.1,1
4598,51.65,1
4599,63.38,1
4600,63.37,1
4601,61.38,1
4602,42.05,1
4603,63.54,1
4604,48.76,1
4605,53.21,1
4606,158.12,1
4607,61.37,1
4608,48.24,1
4609,101.72,1
4610,50.32,1
4611,63.02,1
4612,261.31,1
4613,40.56,1
4614,57.75,1
4615,53.15,1
4616,67.75,1
4617,67.62,1
4618,55.48,1
4619,61.12,1
4620,55.12,1
4621,40.11,1
4622,108.35,1
4623,196.68,1
4624,64.08,1
4625,32.47,1
4626,49.33,1
4627,59.93,1
4628,54.79,1
4629,400.95,1
4630,52.71,1
4631,34.76,1
4632,62.26,1
4633,57.5,1
4634,36.37,1
4635,89.1,1
4636,36.38,1
4637,114.19,1
4638,89.9,1
4639,35.18,1
4640,65.89,1
4641,65.61,1
4642,76.6,1
4643,80.58,1
4644,67.11,1
4645,113.96,1
4646,56.77,1
4647,46.8,1
4648,23.35,1
4649,61.81,1
4650,66.26,1
4651,66.24,1
4652,63.41,1
4653,63.59,1
4654,23.36,1
4655,43.11,1
4656,50.35,1
4657,58.56,1
4658,104.02,1
4659,59.44,1
4660,38.88,1
4661,126.84,1
4662,209.66,1
4663,69.69,1
4664,64.2,1
4665,58.69,1
4666,102.7,1
4667,30.52,1
4668,70.62,1
4669,47.36,1
4670,34.69,1
4671,35.9,1
4672,57.53,1
4673,45.28,1
4674,62.62,1
4675,74.98,1
4676,44.4,1
4677,57.88,1
4678,32.81,1
4679,89.16,1
4680,44.76,1
4681,95.0,1
4682,47.49,1
4683,44.17,1
4684,89.82,1
4685,88.66,1
4686,35.97,1
4687,40.15,1
4688,83.53,1
4689,53.46,1
4690,108.77,1
4691,53.29,1
4692,62.34,1
4693,34.3,1
4694,54.68,1
4695,101.78,1
4696,72.99,1
4697,34.84,1
4698,55.7,1
4699,62.54,1
4700,108.7,1
4701,56.06,1
4702,107.42,1
4703,52.49,1
4704,250.2,1
4705,45.4,1
4706,106.67,1
4707,71.69,1
4708,73.1,1
4709,88.91,1
4710,45.52,1
4711,81.95,1
4712,111.0,1
4713,100.04,1
4714,36.76,1
4715,36.63,1
4716,110.65,1
4717,43.64,1
4718,35.92,1
4719,43.86,1
4720,55.45,1
4721,55.05,1
4722,146.02,1
4723,82.82,1
4724,69.18,1
4725,67.18,1
4726,58.93,1
4727,61.76,1
4728,62.59,1
4729,62.41,1
4730,70.57,1
4731,98.09,1
4732,115.29,1
4733,228.67,1
4734,109.12,1
4735,69.75,1
4736,41.61,1
4737,71.31,1
4738,53.42,1
4739,53.08,1
4740,86.72,1
4741,325.8,1
4742,89.91,1
4743,78.08,1
4744,159.72,1
4745,90.92,1
4746,41.0,1
4747,67.61,1
4748,70.8,1
4749,39.28,1
4750,39.72,1
4751,57.27,1
4752,104.73,1
4753,33.57,1
4754,40.71,1
4755,26.44,1
4756,53.71,1
4757,95.72,1
4758,66.89,1
4759,129.49,1
4760,51.48,1
4761,57.73,1
4762,79.8,1
4763,189.46,1
4764,67.63,1
4765,81.0,1
4766,53.72,1
4767,74.82,1
4768,34.25,1
4769,72.74,1
4770,68.29,1
4771,55.33,1
4772,39.78,1
4773,100.78,1
4774,220.3,1
4775,134.51,1
4776,36.87,1
4777,31.75,1
4778,32.31,1
4779,80.67,1
4780,78.11,1
4781,69.0,1
4782,62.91,1
4783,62.09,1
4784,72.49,1
4785,56.4,1
4786,83.78,1
4787,124.51,1
4788,31.83,1
4789,69.46,1
4790,66.25,1
4791,90.64,1
4792,60.07,1
4793,52.89,1
4794,48.85,1
4795,69.9,1
4796,37.97,1
4797,31.18,1
4798,102.96,1
4799,101.53,1
4800,67.79,1
4801,47.05,1
4802,81.03,1
4803,104.96,1
4804,117.96,1
4805,85.53,1
4806,28.42,1
4807,69.49,1
4808,141.86,1
4809,64.81,1
4810,99.97,1
4811,114.89,1
4812,36.23,1
4813,64.71,1
4814,71.21,1
4815,53.65,1
4816,22.12,1
4817,67.68,1
4818,101.45,1
4819,38.28,1
4820,32.46,1
4821,72.3,1
4822,115.99,1
4823,84.66,1
4824,59.4,1
4825,32.07,1
4826,73.29,1
4827,41.8,1
4828,57.92,1
4829,49.6,1
4830,297.92,1
4831,103.54,1
4832,69.38,1
4833,75.19,1
4834,74.81,1
4835,153.89,1
4836,73.32,1
4837,78.63,1
4838,55.38,1
4839,66.64,1
4840,73.4,1
4841,39.09,1
4842,57.19,1
4843,75.88,1
4844,51.24,1
4845,119.54,1
4846,46.65,1
4847,46.95,1
4848,74.62,1
4849,75.04,1
4850,63.78,1
4851,39.57,1
4852,95.24,1
4853,82.98,1
4854,31.98,1
4855,55.56,1
4856,92.3,1
4857,69.35,1
4858,57.43,1
4859,39.96,1
4860,56.42,1
4861,39.79,1
4862,60.28,1
4863,78.6,1
4864,56.1,1
4865,55.49,1
4866,88.54,1
4867,68.51,1
4868,275.96,1
4869,86.43,1
4870,107.65,1
4871,50.94,1
4872,76.26,1
4873,78.43,1
4874,71.39,1
4875,70.56,1
4876,38.34,1
4877,60.78,1
4878,39.14,1
4879,39.36,1
4880,72.75,1
4881,62.86,1
4882,86.24,1
4883,83.23,1
4884,27.54,1
4885,467.25,1
4886,63.77,1
4887,92.1,1
4888,37.75,1
4889,46.04,1
4890,198.81,1
4891,50.82,1
4892,126.62,1
4893,70.4,1
4894,35.32,1
4895,78.84,1
4896,65.44,1
4897,71.4,1
4898,203.96,1
4899,38.8,1
4900,53.99,1
4901,30.04,1
4902,61.41,1
4903,74.52,1
4904,49.15,1
4905,48.14,1
4906,185.46,1
4907,66.37,1
4908,52.72,1
4909,43.15,1
4910,95.08,1
4911,41.57,1
4912,32.93,1
4913,112.46,1
4914,41.66,1
4915,37.37,1
4916,56.36,1
4917,45.58,1
4918,90.35,1
4919,45.6,1
4920,35.75,1
4921,125.26,1
4922,56.14,1
4923,105.58,1
4924,35.77,1
4925,68.94,1
4926,72.57,1
4927,45.67,1
4928,43.52,1
4929,84.85,1
4930,201.71,1
4931,48.36,1
4932,53.49,1
4933,43.42,1
4934,68.68,1
4935,95.22,1
4936,47.12,1
4937,76.66,1
4938,55.26,1
4939,30.14,1
4940,63.8,1
4941,58.48,1
4942,74.0,1
4943,32.78,1
4944,182.07,1
4945,36.84,1
4946,69.81,1
4947,74.43,1
4948,131.52,1
4949,51.76,1
4950,61.34,1
4951,36.3,1
4952,36.2,1
4953,201.29,1
4954,119.61,1
4955,105.33,1
4956,68.19,1
4957,39.8,1
4958,50.04,1
4959,90.42,1
4960,52.05,1
4961,37.04,1
4962,340.12,1
4963,63.92,1
4964,43.78,1
4965,106.28,1
4966,43.22,1
4967,114.06,1
4968,80.17,1
4969,32.6,1
4970,60.43,1
4971,73.18,1
4972,52.86,1
4973,45.04,1
4974,65.69,1
4975,58.81,1
4976,59.19,1
4977,53.51,1
4978,199.06,1
4979,54.17,1
4980,97.05,1
4981,62.14,1
4982,60.04,1
4983,67.48,1
4984,97.45,1
4985,94.97,1
4986,376.35,1
4987,83.96,1
4988,134.22,1
4989,40.52,1
4990,69.31,1
4991,54.32,1
4992,109.42,1
4993,94.67,1
4994,63.09,1
4995,49.18,1
4996,74.01,1
4997,54.55,1
4998,64.39,1
4999,64.11,1
5000,38.78,1
5001,71.93,1
5002,51.36,1
5003,39.63,1
5004,91.91,1
5005,91.09,1
5006,130.26,1
5007,82.55,1
5008,82.95,1
5009,65.86,1
5010,57.31,1
5011,67.21,1
5012,45.45,1
5013,121.51,1
5014,50.4,1
5015,154.08,1
5016,32.45,1
5017,109.97,1
5018,72.36,1
5019,37.57,1
5020,42.88,1
5021,91.07,1
5022,48.59,1
5023,48.41,1
5024,90.22,1
5025,63.94,1
5026,93.62,1
5027,120.23,1
5028,47.19,1
5029,67.02,1
5030,41.78,1
5031,41.22,1
5032,31.69,1
5033,80.06,1
5034,45.03,1
5035,55.16,1
5036,66.97,1
5037,83.89,1
5038,83.61,1
5039,38.71,1
5040,120.52,1
5041,60.49,1
5042,51.06,1
5043,29.74,1
5044,279.11,1
5045,52.46,1
5046,84.21,1
5047,31.2,1
5048,119.72,1
5049,52.16,1
5050,42.63,1
5051,52.84,1
5052,77.95,1
5053,68.91,1
5054,59.46,1
5055,60.61,1
5056,123.2,1
5057,54.48,1
5058,58.13,1
5059,91.82,1
5060,45.09,1
5061,44.06,1
5062,84.71,1
5063,33.91,1
5064,67.98,1
5065,33.99,1
5066,64.43,1
5067,59.21,1
5068,39.24,1
5069,40.55,1
5070,66.47,1
5071,52.43,1
5072,96.69,1
5073,48.01,1
5074,50.69,1
5075,49.75,1
5076,68.41,1
5077,44.25,1
5078,83.72,1
5079,83.14,1
5080,42.87,1
5081,111.46,1
5082,60.53,1
5083,33.39,1
5084,48.47,1
5085,51.81,1
5086,51.83,1
5087,59.52,1
5088,77.45,1
5089,77.05,1
5090,60.01,1
5091,68.59,1
5092,33.26,1
5093,39.2,1
5094,408.23,1
5095,51.22,1
5096,63.17,1
5097,31.76,1
5098,50.19,1
5099,222.88,1
5100,79.48,1
5101,79.02,1
5102,55.32,1
5103,76.55,1
5104,69.09,1
5105,59.36,1
5106,84.76,1
5107,90.69,1
5108,168.77,1
5109,103.62,1
5110,62.2,1
5111,51.78,1
5112,53.43,1
5113,46.16,1
5114,33.61,1
5115,152.66,1
5116,24.33,1
5117,45.14,1
5118,50.39,1
5119,100.63,1
5120,48.32,1
5121,152.09,1
5122,79.3,1
5123,144.3,1
5124,32.99,1
5125,146.18,1
5126,67.9,1
5127,57.6,1
5128,82.36,1
5129,82.14,1
5130,39.44,1
5131,62.12,1
5132,41.93,1
5133,67.56,1
5134,152.35,1
5135,42.37,1
5136,74.86,1
5137,67.53,1
5138,63.14,1
5139,75.44,1
5140,63.36,1
5141,37.43,1
5142,76.45,1
5143,46.34,1
5144,103.87,1
5145,91.43,1
5146,55.78,1
5147,48.66,1
5148,96.12,1
5149,37.92,1
5150,37.6,1
5151,93.76,1
5152,44.75,1
5153,34.32,1
5154,48.91,1
5155,64.22,1
5156,67.07,1
5157,35.94,1
5158,38.06,1
5159,46.32,1
5160,47.69,1
5161,98.24,1
5162,72.78,1
5163,79.36,1
5164,42.19,1
5165,85.79,1
5166,60.39,1
5167,42.02,1
5168,32.4,1
5169,43.46,1
5170,60.88,1
5171,59.89,1
5172,38.51,1
5173,78.76,1
5174,55.9,1
5175,104.08,1
5176,42.97,1
5177,30.23,1
5178,120.58,1
5179,195.17,1
5180,42.27,1
5181,44.26,1
5182,71.42,1
5183,45.87,1
5184,78.35,1
5185,49.88,1
5186,110.07,1
5187,35.16,1
5188,139.06,1
5189,80.38,1
5190,41.81,1
5191,69.47,1
5192,77.23,1
5193,77.27,1
5194,74.91,1
5195,97.7,1
5196,122.08,1
5197,80.1,1
5198,35.0,1
5199,80.9,1
5200,70.02,1
5201,38.82,1
5202,40.54,1
5203,91.01,1
5204,53.76,1
5205,69.92,1
5206,167.33,1
5207,71.2,1
5208,77.73,1
5209,49.0,1
5210,75.17,1
5211,57.06,1
5212,46.18,1
5213,56.94,1
5214,74.58,1
5215,51.43,1
5216,56.0,1
5217,56.04,1
5218,52.37,1
5219,79.85,1
5220,56.24,1
5221,50.75,1
5222,34.39,1
5223,65.98,1
5224,75.58,1
5225,197.08,1
5226,60.21,1
5227,68.03,1
5228,41.21,1
5229,85.24,1
5230,60.58,1
5231,64.6,1
5232,63.26,1
5233,49.94,1
5234,40.42,1
5235,44.28,1
5236,38.03,1
5237,202.25,1
5238,57.38,1
5239,36.86,1
5240,50.83,1
5241,48.96,1
5242,49.52,1
5243,85.26,1
5244,51.99,1
5245,80.13,1
5246,78.1,1
5247,105.49,1
5248,93.84,1
5249,37.67,1
5250,42.53,1
5251,37.26,1
5252,59.39,1
5253,92.52,1
5254,87.18,1
5255,83.29,1
5256,37.64,1
5257,110.8,1
5258,47.54,1
5259,211.23,1
5260,26.68,1
5261,48.23,1
5262,98.86,1
5263,109.96,1
5264,52.1,1
5265,99.02,1
5266,105.4,1
5267,42.22,1
5268,55.64,1
5269,57.4,1
5270,101.09,1
5271,45.13,1
5272,57.68,1
5273,55.13,1
5274,59.08,1
5275,50.34,1
5276,300.36,1
5277,46.24,1
5278,121.83,1
5279,44.9,1
5280,48.4,1
5281,123.31,1
5282,55.91,1
5283,61.72,1
5284,76.73,1
5285,48.77,1
5286,71.76,1
5287,60.54,1
5288,42.07,1
5289,34.89,1
5290,88.19,1
5291,51.97,1
5292,63.51,1
5293,49.19,1
5294,56.85,1
5295,135.65,1
5296,98.04,1
5297,58.72,1
5298,99.08,1
5299,75.36,1
5300,60.76,1
5301,97.96,1
5302,50.25,1
5303,78.85,1
5304,236.06,1
5305,52.87,1
5306,78.52,1
5307,326.77,1
5308,69.24,1
5309,69.26,1
5310,34.8,1
5311,63.28,1
5312,31.35,1
5313,181.31,1
5314,90.99,1
5315,93.36,1
5316,41.73,1
5317,55.66,1
5318,59.13,1
5319,66.3,1
5320,30.56,1
5321,82.89,1
5322,223.02,1
5323,60.06,1
5324,82.26,1
5325,111.11,1
5326,81.56,1
5327,113.83,1
5328,67.91,1
5329,47.5,1
5330,52.27,1
5331,56.76,1
5332,88.56,1
5333,44.41,1
5334,40.43,1
5335,34.26,1
5336,39.21,1
5337,53.52,1
5338,31.21,1
5339,58.65,1
5340,66.07,1
5341,95.75,1
5342,27.08,1
5343,70.73,1
5344,53.23,1
5345,42.46,1
5346,42.29,1
5347,36.35,1
5348,44.31,1
5349,45.69,1
5350,97.23,1
5351,71.46,1
5352,32.83,1
5353,100.72,1
5354,47.53,1
5355,62.11,1
5356,78.46,1
5357,40.37,1
5358,97.36,1
5359,58.55,1
5360,83.34,1
5361,130.81,1
5362,109.51,1
5363,41.86,1
5364,48.25,1
5365,50.86,1
5366,107.36,1
5367,59.45,1
5368,81.01,1
5369,100.82,1
5370,49.97,1
5371,49.03,1
5372,95.8,1
5373,312.44,1
5374,90.38,1
5375,62.17,1
5376,30.87,1
5377,47.97,1
5378,57.29,1
5379,34.96,1
5380,92.75,1
5381,54.93,1
5382,86.8,1
5383,68.7,1
5384,41.89,1
5385,102.41,1
5386,51.3,1
5387,70.52,1
5388,110.08,1
5389,256.86,1
5390,77.8,1
5391,120.81,1
5392,43.73,1
5393,81.26,1
5394,84.17,1
5395,54.87,1
5396,53.77,1
5397,64.91,1
5398,80.49,1
5399,59.95,1
5400,84.67,1
5401,45.81,1
5402,23.75,1
5403,60.0,1
5404,33.33,1
5405,53.66,1
5406,56.29,1
5407,127.78,1
5408,55.07,1
5409,77.79,1
5410,94.5,1
5411,69.68,1
5412,34.18,1
5413,68.08,1
5414,68.42,1
5415,116.15,1
5416,165.98,1
5417,44.19,1
5418,75.52,1
5419,77.08,1
5420,49.02,1
5421,69.27,1
5422,61.04,1
5423,44.95,1
5424,44.55,1
5425,93.69,1
5426,88.13,1
5427,29.72,1
5428,45.11,1
5429,63.5,1
5430,52.77,1
5431,58.45,1
5432,58.05,1
5433,83.49,1
5434,51.41,1
5435,68.32,1
5436,84.24,1
5437,75.45,1
5438,58.22,1
5439,37.9,1
5440,91.47,1
5441,56.21,1
5442,47.75,1
5443,110.86,1
5444,102.66,1
5445,91.22,1
5446,91.53,1
5447,67.06,1
5448,80.26,1
5449,33.67,1
5450,60.03,1
5451,43.06,1
5452,88.87,1
5453,65.09,1
5454,41.07,1
5455,41.37,1
5456,41.38,1
5457,94.25,1
5458,36.36,1
5459,44.22,1
5460,44.78,1
5461,53.7,1
5462,42.48,1
5463,43.18,1
5464,105.29,1
5465,165.23,1
5466,93.81,1
5467,34.9,1
5468,51.0,1
5469,37.65,1
5470,68.77,1
5471,44.44,1
5472,68.73,1
5473,148.78,1
5474,54.07,1
5475,61.48,1
5476,134.81,1
5477,62.67,1
5478,40.57,1
5479,32.11,1
5480,32.39,1
5481,159.16,1
5482,49.47,1
5483,49.53,1
5484,61.14,1
5485,51.69,1
5486,80.65,1
5487,54.77,1
5488,47.46,1
5489,86.64,1
5490,65.23,1
5491,70.09,1
5492,44.09,1
5493,46.38,1
5494,39.15,1
5495,75.84,1
5496,48.08,1
5497,75.16,1
5498,99.07,1
5499,57.1,1
5500,37.28,1
5501,122.64,1
5502,71.41,1
5503,88.93,1
5504,76.21,1
5505,179.62,1
5506,176.38,1
5507,43.23,1
5508,54.38,1
5509,75.15,1
5510,28.35,1
5511,47.4,1
5512,55.65,1
5513,116.83,1
5514,108.49,1
5515,93.64,1
5516,51.08,1
5517,37.78,1
5518,87.74,1
5519,52.14,1
5520,98.07,1
5521,74.2,1
5522,31.71,1
5523,89.4,1
5524,89.6,1
5525,57.32,1
5526,79.45,1
5527,65.48,1
5528,65.73,1
5529,56.52,1
5530,70.59,1
5531,54.04,1
5532,115.2,1
5533,61.61,1
5534,43.24,1
5535,61.89,1
5536,75.89,1
5537,90.97,1
5538,56.05,1
5539,49.59,1
5540,49.41,1
5541,77.12,1
5542,46.19,1
5543,78.88,1
5544,43.27,1
5545,35.17,1
5546,54.13,1
5547,75.35,1
5548,44.03,1
5549,75.65,1
5550,179.06,1
5551,82.28,1
5552,29.38,1
5553,64.97,1
5554,81.99,1
5555,40.28,1
5556,44.08,1
5557,117.95,1
5558,36.65,1
5559,89.43,1
5560,21.99,1
5561,109.26,1
5562,30.11,1
5563,43.66,1
5564,30.39,1
5565,199.13,1
5566,74.74,1
5567,74.35,1
5568,57.54,1
5569,61.4,1
5570,78.67,1
5571,65.47,1
5572,59.64,1
5573,58.2,1
5574,33.2,1
5575,33.3,1
5576,60.24,1
5577,81.74,1
5578,44.59,1
5579,87.71,1
5580,45.76,1
5581,37.45,1
5582,73.05,1
5583,64.59,1
5584,42.16,1
5585,48.38,1
5586,94.81,1
5587,52.79,1
5588,85.5,1
5589,54.43,1
5590,35.62,1
5591,285.14,1
5592,79.6,1
5593,93.38,1
5594,79.4,1
5595,65.0,1
5596,29.76,1
5597,86.21,1
5598,38.4,1
5599,44.53,1
5600,56.88,1
5601,53.57,1
5602,33.66,1
5603,91.5,1
5604,83.24,1
5605,99.92,1
5606,107.12,1
5607,52.56,1
5608,94.62,1
5609,77.29,1
5610,40.93,1
5611,116.3,1
5612,86.26,1
5613,31.47,1
5614,86.2,1
5615,128.54,1
5616,71.09,1
5617,32.14,1
5618,164.84,1
5619,91.75,1
5620,49.78,1
5621,27.01,1
5622,46.64,1
5623,55.15,1
5624,79.82,1
5625,106.24,1
5626,68.2,1
5627,51.47,1
5628,64.55,1
5629,63.18,1
5630,90.45,1
5631,40.87,1
5632,89.68,1
5633,66.09,1
5634,79.79,1
5635,101.85,1
5636,66.74,1
5637,90.11,1
5638,66.72,1
5639,74.03,1
5640,66.28,1
5641,152.9,1
5642,97.17,1
5643,44.56,1
5644,46.4,1
5645,47.08,1
5646,59.66,1
5647,63.57,1
5648,93.79,1
5649,41.67,1
5650,42.01,1
5651,34.29,1
5652,83.91,1
5653,52.97,1
5654,79.75,1
5655,59.33,1
5656,62.56,1
5657,63.52,1
5658,153.63,1
5659,54.19,1
5660,59.09,1
5661,82.1,1
5662,54.4,1
5663,45.35,1
5664,82.07,1
5665,36.69,1
5666,41.94,1
5667,40.06,1
5668,83.43,1
5669,50.16,1
5670,100.1,1
5671,60.68,1
5672,56.26,1
5673,118.82,1
5674,77.0,1
5675,33.12,1
5676,63.15,1
5677,22.95,1
5678,37.81,1
5679,41.33,1
5680,76.06,1
5681,77.94,1
5682,55.89,1
5683,63.07,1
5684,31.59,1
5685,60.4,1
5686,50.3,1
5687,90.3,1
5688,85.27,1
5689,42.49,1
5690,51.63,1
5691,61.52,1
5692,92.97,1
5693,128.7,1
5694,64.65,1
5695,76.44,1
5696,91.86,1
5697,91.64,1
5698,144.01,1
5699,100.65,1
5700,68.06,1
5701,37.68,1
5702,30.49,1
5703,43.28,1
5704,60.27,1
5705,53.25,1
5706,67.16,1
5707,69.95,1
5708,34.56,1
5709,21.44,1
5710,72.47,1
5711,103.71,1
5712,52.41,1
5713,62.46,1
5714,42.32,1
5715,69.7,1
5716,107.31,1
5717,42.81,1
5718,95.48,1
5719,86.38,1
5720,58.7,1
5721,49.68,1
5722,63.64,1
5723,55.36,1
5724,301.83,1
5725,58.63,1
5726,93.26,1
5727,34.15,1
5728,42.06,1
5729,87.88,1
5730,88.14,1
5731,88.36,1
5732,45.38,1
5733,53.47,1
5734,63.71,1
5735,31.77,1
5736,53.53,1
5737,71.7,1
5738,47.22,1
5739,59.92,1
5740,40.91,1
5741,46.62,1
5742,41.03,1
5743,113.78,1
5744,91.74,1
5745,68.34,1
5746,56.38,1
5747,174.55,1
5748,113.73,1
5749,164.14,1
5750,83.93,1
5751,115.46,1
5752,153.68,1
5753,51.26,1
5754,52.15,1
5755,63.21,1
5756,51.54,1
5757,48.43,1
5758,46.33,1
5759,41.45,1
5760,167.57,1
5761,68.66,1
5762,136.66,1
5763,106.22,1
5764,63.22,1
5765,61.78,1
5766,99.23,1
5767,198.54,1
5768,35.31,1
5769,53.94,1
5770,41.71,1
5771,68.24,1
5772,66.56,1
5773,150.81,1
5774,86.63,1
5775,37.36,1
5776,103.99,1
5777,89.53,1
5778,77.34,1
5779,48.3,1
5780,62.4,1
5781,69.33,1
5782,60.32,1
5783,43.48,1
5784,81.16,1
5785,42.41,1
5786,42.18,1
5787,27.07,1
5788,65.93,1
5789,133.59,1
5790,62.82,1
5791,35.05,1
5792,222.31,1
5793,64.07,1
5794,98.44,1
5795,32.63,1
5796,66.67,1
5797,119.27,1
5798,55.5,1
5799,74.13,1
5800,60.85,1
5801,43.49,1
5802,53.19,1
5803,44.15,1
5804,42.9,1
5805,70.08,1
5806,108.03,1
5807,52.8,1
5808,195.43,1
5809,64.46,1
5810,100.24,1
5811,70.15,1
5812,39.73,1
5813,45.78,1
5814,64.51,1
5815,108.5,1
5816,38.89,1
5817,95.6,1
5818,56.17,1
5819,38.74,1
5820,77.6,1
5821,124.39,1
5822,40.33,1
5823,54.89,1
5824,31.09,1
5825,45.62,1
5826,46.11,1
5827,175.21,1
5828,43.47,1
5829,102.85,1
5830,80.2,1
5831,42.66,1
5832,46.39,1
5833,116.07,1
5834,41.79,1
5835,178.9,1
5836,74.63,1
5837,358.72,1
5838,98.58,1
5839,40.17,1
5840,48.98,1
5841,33.71,1
5842,76.75,1
5843,45.77,1
5844,48.63,1
5845,148.51,1
5846,50.02,1
5847,70.35,1
5848,71.68,1
5849,65.49,1
5850,65.01,1
5851,58.59,1
5852,61.7,1
5853,61.8,1
5854,44.85,1
5855,37.19,1
5856,43.51,1
5857,86.77,1
5858,88.05,1
5859,49.32,1
5860,69.07,1
5861,52.47,1
5862,131.55,1
5863,42.99,1
5864,71.48,1
5865,63.35,1
5866,624.5,1
5867,263.35,1
5868,43.94,1
5869,26.56,1
5870,41.91,1
5871,63.19,1
5872,36.49,1
5873,49.74,1
5874,46.56,1
5875,38.2,1
5876,45.65,1
5877,34.79,1
5878,56.37,1
5879,37.39,1
5880,60.73,1
5881,57.72,1
5882,23.01,1
5883,82.41,1
5884,111.97,1
5885,51.37,1
5886,32.2,1
5887,47.31,1
5888,81.12,1
5889,260.85,1
5890,58.54,1
5891,53.75,1
5892,54.85,1
5893,45.57,1
5894,37.11,1
5895,104.69,1
5896,47.86,1
5897,78.5,1
5898,59.99,1
5899,43.01,1
5900,40.32,1
5901,40.83,1
5902,39.47,1
5903,40.44,1
5904,54.11,1
5905,108.52,1
5906,125.14,1
5907,49.3,1
5908,67.24,1
5909,67.26,1
5910,76.54,1
5911,88.48,1
5912,127.14,1
5913,53.36,1
5914,60.25,1
5915,45.48,1
5916,105.31,1
5917,58.91,1
5918,107.08,1
5919,35.14,1
5920,64.26,1
5921,61.27,1
5922,47.32,1
5923,42.7,1
5924,42.8,1
5925,86.16,1
5926,50.17,1
5927,108.47,1
5928,123.28,1
5929,65.65,1
5930,61.88,1
5931,72.14,1
5932,58.09,1
5933,145.56,1
5934,36.11,1
5935,73.09,1
5936,49.73,1
5937,1164.22,1
5938,47.41,1
5939,49.28,1
5940,76.1,1
5941,76.9,1
5942,87.06,1
5943,62.78,1
5944,86.39,1
5945,77.15,1
5946,81.37,1
5947,65.04,1
5948,56.87,1
5949,46.94,1
5950,73.56,1
5951,173.7,1
5952,72.46,1
5953,42.25,1
5954,58.61,1
5955,108.16,1
5956,43.97,1
5957,84.75,1
5958,37.79,1
5959,58.37,1
5960,93.03,1
5961,54.59,1
5962,54.41,1
5963,43.07,1
5964,35.89,1
5965,50.97,1
5966,40.81,1
5967,41.19,1
5968,50.03,1
5969,108.72,1
5970,72.66,1
5971,115.7,1
5972,56.12,1
5973,59.54,1
5974,31.65,1
5975,50.27,1
5976,48.78,1
5977,101.56,1
5978,121.1,1
5979,94.01,1
5980,198.97,1
5981,53.91,1
5982,57.7,1
5983,87.89,1
5984,34.08,1
5985,70.97,1
5986,73.33,1
5987,101.81,1
5988,43.31,1
5989,42.69,1
5990,43.04,1
5991,72.23,1
5992,52.85,1
5993,75.06,1
5994,108.05,1
5995,118.8,1
5996,69.52,1
5997,51.56,1
5998,46.61,1
5999,43.93,1
6000,34.04,1
6001,65.07,1
6002,39.34,1
6003,62.49,1
6004,41.29,1
6005,47.48,1
6006,79.12,1
6007,19.06,1
6008,39.69,1
6009,47.13,1
6010,76.89,1
6011,76.61,1
6012,65.55,1
6013,80.42,1
6014,86.94,1
6015,46.91,1
6016,54.26,1
6017,50.68,1
6018,57.48,1
6019,42.75,1
6020,37.3,1
6021,82.71,1
6022,53.84,1
6023,54.86,1
6024,75.83,1
6025,109.07,1
6026,52.13,1
6027,128.1,1
6028,78.73,1
6029,43.53,1
6030,50.36,1
6031,87.81,1
6032,39.01,1
6033,37.18,1
6034,101.39,1
6035,171.5,1
6036,49.66,1
6037,29.39,1
6038,60.83,1
6039,121.34,1
6040,62.58,1
6041,49.34,1
6042,88.49,1
6043,48.31,1
6044,31.14,1
6045,44.39,1
6046,41.69,1
6047,56.35,1
6048,78.77,1
6049,256.45,1
6050,39.06,1
6051,81.72,1
6052,90.48,1
6053,61.71,1
6054,72.17,1
6055,55.88,1
6056,96.63,1
6057,51.33,1
6058,56.3,1
6059,42.44,1
6060,43.56,1
6061,53.87,1
6062,76.85,1
6063,49.77,1
6064,108.57,1
6065,76.15,1
6066,38.94,1
6067,47.66,1
6068,65.12,1
6069,218.39,1
6070,47.34,1
6071,60.75,1
6072,87.78,1
6073,50.54,1
6074,30.71,1
6075,88.99,1
6076,88.51,1
6077,98.29,1
6078,57.65,1
6079,47.8,1
6080,51.7,1
6081,32.1,1
6082,64.3,1
6083,136.44,1
6084,22.78,1
6085,81.28,1
6086,144.04,1
6087,45.16,1
6088,82.96,1
6089,86.65,1
6090,58.33,1
6091,45.68,1
6092,57.74,1
6093,91.4,1
6094,40.59,1
6095,66.1,1
6096,215.11,1
6097,176.78,1
6098,84.28,1
6099,137.65,1
6100,137.35,1
6101,54.24,1
6102,46.13,1
6103,70.67,1
6104,74.08,1
6105,52.12,1
6106,91.32,1
6107,53.97,1
6108,42.26,1
6109,36.99,1
6110,63.76,1
6111,87.38,1
6112,69.08,1
6113,71.05,1
6114,53.5,1
6115,28.32,1
6116,47.73,1
6117,101.74,1
6118,66.15,1
6119,161.37,1
6120,61.62,1
6121,52.25,1
6122,50.0,1
6123,44.07,1
6124,32.12,1
6125,445.76,1
6126,93.04,1
6127,82.99,1
6128,55.94,1
6129,48.57,1
6130,62.15,1
6131,75.3,1
6132,73.86,1
6133,67.86,1
6134,136.65,1
6135,100.51,1
6136,30.25,1
6137,51.23,1
6138,38.12,1
6139,30.08,1
6140,58.9,1
6141,68.45,1
6142,114.73,1
6143,67.15,1
6144,63.79,1
6145,38.83,1
6146,68.95,1
6147,44.93,1
6148,74.23,1
6149,74.27,1
6150,52.76,1
6151,112.47,1
6152,147.31,1
6153,46.6,1
6154,64.27,1
6155,87.28,1
6156,61.55,1
6157,92.49,1
6158,50.62,1
6159,52.91,1
6160,66.65,1
6161,34.35,1
6162,43.74,1
6163,59.98,1
6164,54.15,1
6165,27.05,1
6166,40.96,1
6167,58.62,1
6168,93.47,1
6169,58.14,1
6170,56.78,1
6171,94.51,1
6172,95.54,1
6173,49.31,1
6174,41.7,1
6175,36.72,1
6176,47.09,1
6177,174.97,1
6178,42.94,1
6179,72.98,1
6180,77.9,1
6181,54.88,1
6182,58.84,1
6183,36.79,1
6184,62.71,1
6185,72.73,1
6186,45.84,1
6187,40.53,1
6188,57.39,1
6189,57.11,1
6190,88.97,1
6191,45.3,1
6192,45.2,1
6193,43.05,1
6194,64.48,1
6195,145.21,1
6196,47.37,1
6197,50.23,1
6198,73.89,1
6199,58.16,1
6200,60.74,1
6201,54.92,1
6202,96.09,1
6203,31.9,1
6204,120.9,1
6205,62.52,1
6206,107.18,1
6207,53.41,1
6208,50.72,1
6209,50.28,1
6210,77.65,1
6211,63.84,1
6212,35.85,1
6213,84.38,1
6214,39.17,1
6215,57.89,1
6216,49.07,1
6217,41.25,1
6218,37.82,1
6219,36.01,1
6220,60.05,1
6221,156.58,1
6222,43.3,1
6223,69.2,1
6224,143.65,1
6225,78.0,1
6226,56.48,1
6227,95.26,1
6228,61.18,1
6229,50.77,1
6230,55.1,1
6231,73.83,1
6232,100.69,1
6233,57.04,1
6234,81.69,1
6235,115.47,1
6236,52.9,1
6237,65.18,1
6238,64.82,1
6239,65.79,1
